node_id,node_type,station_name,x,y
BV10012405,subway,车道沟,116.28775007420042,39.94667051841494
BV10013496,subway,慈寿寺,116.2892343685874,39.93209887137428
BV10002778,subway,西钓鱼台,116.2918290308116,39.922101258990345
BV10000306,subway,公主坟,116.30419563307764,39.90619992857179
BV10002829,subway,莲花桥,116.30425371612108,39.89658925251575
BV10013475,subway,六里桥,116.29673221903973,39.87897520426157
BV10000215,subway,西局,116.29774104120412,39.86461224180776
BV10003566,subway,泥洼,116.29809724689484,39.85734403465741
BV10013495,subway,丰台站,116.29842564104624,39.84898395461619
BV10013494,subway,首经贸,116.31409384572936,39.84316978998261
BV10006086,subway,纪家庙,116.32724276903676,39.8431145774105
BV10000222,subway,草桥,116.34520902949602,39.84451755632925
BV10013417,subway,角门西,116.36494089956584,39.84446924399416
BV10013493,subway,角门东,116.37941951616642,39.84374025463422
BV10000737,subway,大红门,116.39291823876113,39.84398241678415
BV10013492,subway,石榴庄,116.40787178692064,39.84450709301543
BV10000743,subway,宋家庄,116.4221529595234,39.84446301090066
BV10013491,subway,成寿寺,116.44145927031906,39.84451798873752
BV10007166,subway,分钟寺,116.44781636391546,39.85088363238416
BV10013367,subway,十里河,116.45278206588736,39.86428700841666
BV10000543,subway,潘家园,116.45478391148188,39.874058202831264
BV10007162,subway,劲松,116.45528029998164,39.88313893949498
BV10013385,subway,双井,116.4556924401,39.89218450271144
BV10013461,subway,国贸,116.45569749607972,39.90777582151647
BV10013490,subway,金台夕照,116.45555809742535,39.91545716035418
BV10013489,subway,呼家楼,116.4554549561558,39.92198764200878
BV10011994,subway,团结湖,116.45565927731356,39.9324177099654
BV10001223,subway,农业展览馆,116.45637957782594,39.93993315037108
BV10000196,subway,亮马桥,116.4560083954514,39.94805193227144
BV10000199,subway,三元桥,116.45098776982644,39.95940573948757
BV10013488,subway,太阳宫,116.44127678669258,39.9713158833994
BV10006575,subway,芍药居,116.43130056926732,39.975710386111096
BV10005412,subway,惠新西街南口,116.41129190686668,39.9757191722024
BV10013487,subway,安贞门,116.39970200166869,39.9755984361305
BV10013465,subway,北土城,116.38794165475132,39.97554770067785
BV10004058,subway,健德门,116.3751136793276,39.97514765232439
BV10000017,subway,牡丹园,116.3633915683608,39.97500322022428
BV10013486,subway,西土城,116.3481135810406,39.97500971723079
BV10001218,subway,知春路,116.33519903154432,39.9751335125732
BV10001215,subway,知春里,116.32271353267518,39.9750212355812
BV10013411,subway,海淀黄庄,116.31144523816288,39.97470177654512
BV10013485,subway,苏州街,116.3002372820655,39.97436817315421
BV10013394,subway,巴沟,116.28728653159044,39.97316115234853
BV10007538,subway,火器营,116.2829954186485,39.96469157541146
BV10007535,subway,长春桥,116.28818501260191,39.95727345097631
BV10013466,subway,奥体中心,116.38750668541836,39.98443150001578
BV10013464,subway,安华桥,116.38790872856302,39.96724804438436
BV10013463,subway,安德里北街,116.38889584495152,39.95582216062693
BV10013431,subway,鼓楼大街,116.38765952050326,39.946147969929605
BV10013462,subway,什刹海,116.38997203807754,39.93617861989364
BV10013392,subway,南锣鼓巷,116.39794512767476,39.93244295437595
BV11095929,subway,中国美术馆,116.40455471903154,39.92275479384245
BV10006496,subway,王府井,116.40510090427044,39.90800162197611
BV10005884,subway,前门,116.39346536521508,39.89757555059602
BV10013381,subway,珠市口,116.39213366459911,39.88855817021182
BV11640688,subway,天桥,116.3924716417333,39.88051749744133
BV10013368,subway,永定门外,116.39313455334558,39.8649181941585
BV11640699,subway,木樨园,116.39360141329692,39.85786051909327
BV11640692,subway,海户屯,116.39406433576286,39.85040389357625
BV11640689,subway,大红门南,116.39481023690524,39.83531475356632
BV10013473,subway,丰台南路,116.2905356617644,39.839500417681485
BV10005975,subway,达官营,116.32867461442125,39.889712350297714
BV10013459,subway,木樨地,116.32783123387972,39.90801413396187
BV10000252,subway,国家图书馆,116.31748389562269,39.94055865805166
BV10001595,subway,西直门,116.34703216487064,39.94031089966005
BV10001016,subway,大钟寺,116.33895898441108,39.96526601520118
BV10013512,subway,光熙门,116.42553589892022,39.96694955934198
BV10013511,subway,柳芳,116.42650588508272,39.95677123809042
BV10002731,subway,东直门,116.42888723334576,39.94115715844357
BV10013509,subway,花园桥,116.30442402790511,39.93106147348247
BV10000061,subway,白石桥南,116.31845884424324,39.93121716434344
BV10000051,subway,车公庄西,116.3379086148017,39.93112328428844
BV10013437,subway,车公庄,116.34816207833846,39.93103639108687
BV10013413,subway,平安里,116.36433175424328,39.93120479066215
BV10013508,subway,北海北,116.38058738264638,39.93184719377157
BV10013442,subway,东四,116.40971525479554,39.92290927584326
BV10004298,subway,朝阳门,116.4263589118528,39.92304938513291
BV10000548,subway,东大桥,116.4455050654978,39.92186632146273
BV10008284,subway,金台路,116.47233073981393,39.92161274977367
BV10416593,subway,朝阳公园,116.4740094298246,39.93244802428416
BV10001047,subway,东四十条,116.42792054851422,39.932321139948776
BV10013476,subway,白堆子,116.3196312551008,39.92251026941711
BV10000188,subway,军事博物馆,116.31534011520706,39.90612318577388
BV10000102,subway,北京西站,116.31510125668204,39.8934082122841
BV10000269,subway,六里桥东,116.30892200214969,39.88583920795665
BV10000636,subway,七里庄,116.28823437218706,39.86573140816508
BV10013474,subway,丰台东大街,116.28780058389026,39.85386271031147
BV10013386,subway,大郊亭,116.4818975180571,39.89192144428039
BV10013364,subway,大望路,116.46967312441956,39.9069790042996
BV10013430,subway,积水潭,116.36556509936932,39.94586170444755
BV10006707,subway,惠新西街北口,116.41078107280752,39.98643340084447
BV10001221,subway,和平西桥,116.41172644585002,39.966856820553815
BV10006616,subway,和平里北街,116.41226217816808,39.9573335717913
BV10006563,subway,雍和宫,116.41025662067813,39.94718463241061
BV10013443,subway,北新桥,116.41064295477918,39.93938118523576
BV10001045,subway,张自忠路,116.41116333564264,39.93223481004964
BV10013441,subway,灯市口,116.41154579545226,39.915713745059485
BV10013440,subway,东单,116.41224458412644,39.906926606228026
BV10013433,subway,崇文门,116.41235565952616,39.89933301972925
BV10013383,subway,磁器口,116.41263491028094,39.89167956965802
BV10013439,subway,天坛东门,116.41460332529164,39.88116259098293
BV10006603,subway,蒲黄榆,116.41543942243472,39.86424815370612
BV10013438,subway,刘家窑,116.4158939852828,39.85612799201471
BV10006224,subway,九龙山,116.47279511222068,39.891927335151294
BV10013384,subway,广渠门外,116.44281970996924,39.89229214579374
BV10006633,subway,广渠门内,116.42766515952044,39.89229149198591
BV10396213,subway,桥湾,116.4022236136706,39.89132242939945
BV10013380,subway,虎坊桥,116.37836175176658,39.88808964991263
BV10013379,subway,菜市口,116.36820187086536,39.88790912777704
BV10396212,subway,广安门内,116.35204201198763,39.88805300009125
BV10006599,subway,湾子,116.32162195153082,39.88864393142258
BV10013460,subway,永安里,116.44413527154062,39.90711312678081
BV10013432,subway,建国门,116.42843569721086,39.90717390925814
BV10006499,subway,天安门东,116.39497219021592,39.90637602254212
BV10005941,subway,天安门西,116.3850368334985,39.906070735601
BV10006791,subway,西单,116.36999729775756,39.90580437537633
BV10007375,subway,复兴门,116.3515946039831,39.9058088973061
BV10000309,subway,南礼士路,116.3463948291202,39.90587740202001
BV10013458,subway,万寿路,116.2887005227396,39.90622176277187
BV10001036,subway,阜成门,116.35001753690518,39.92231371519399
BV10013435,subway,长椿街,116.35714750010992,39.89805983920398
BV10013415,subway,宣武门,116.36813062957144,39.89839672266453
BV10013434,subway,和平门,116.3779737360594,39.89870145285599
BV10006813,subway,北京站,116.42106282091744,39.903592759705006
BV10001936,subway,安定门,116.40197932803632,39.94768199829821
BV10008170,subway,公益西桥,116.36462548368564,39.83560118137644
BV10009949,subway,马家堡,116.36518758148806,39.85204649657695
BV10006454,subway,北京南站,116.37273743259254,39.86363866747243
BV10013416,subway,陶然亭,116.36816130176013,39.87708369955794
BV10008400,subway,灵境胡同,116.36747043675577,39.91466775438565
BV10013414,subway,西四,116.36710589154784,39.92281882929023
BV10013412,subway,新街口,116.36136825207235,39.9393032589429
BV10006771,subway,动物园,116.33286811131012,39.93691638519677
BV10000255,subway,魏公村,116.31709076909632,39.95659977396789
BV10000258,subway,人民大学,116.31524483030722,39.96563294231536
BV10013410,subway,中关村,116.31034966547357,39.98269850659194
BV10590951,subway,景泰,116.40479034934404,39.863849618192674
BV10012561,subway,方庄,116.43404841380008,39.864493564520565
BV10590953,subway,北工大西门,116.4711946282365,39.87400773729061
BV10007475,subway,平乐园,116.47121846757786,39.8839883124156
BV10416587,subway,枣营,116.46884271879745,39.9428362644836
BV10416594,subway,东风北桥,116.4798527856106,39.95710978896227
BV10416595,subway,将台,116.48416131707428,39.96977289169434
BV10001119,bus,八王坟西,116.46907599869752,39.90718735968085
BV10001388,bus,郎家园,116.46393832208466,39.9070745991766
BV10001120,bus,大北窑东,116.45858366958656,39.90727690414249
BV10001170,bus,大北窑西,116.45407154683198,39.907355966940855
BV10001176,bus,永安里路口西,116.44212103752118,39.90718810493572
BV10001177,bus,日坛路,116.43569663536329,39.907213295168
BV10006589,bus,北京站口东,116.42225816629666,39.90716095385164
BV10001172,bus,东单路口西,116.409959502231,39.90688009921161
BV10006498,bus,天安门东,116.39555119563305,39.906433993256506
BV10005940,bus,天安门西,116.38761164153448,39.90617363150561
BV10001173,bus,西单路口东,116.37208679356856,39.90587025507795
BV10000310,bus,复兴门内,116.35227530224662,39.90592982176979
BV10000308,bus,南礼士路,116.34404266172116,39.90596042226712
BV10006711,bus,工会大楼,116.33962505507176,39.90599922864069
BV10000186,bus,木樨地西,116.32687164170156,39.906377040709735
BV10000187,bus,军事博物馆,116.31688359623962,39.90619923382066
BV10000305,bus,公主坟,116.30417067766058,39.90626497066535
BV10000097,bus,翠微路口,116.29515882800123,39.90628955450815
BV10000096,bus,万寿路口西,116.28747458662116,39.90628458951859
BV10000304,bus,东翠路口,116.28175456829122,39.90627461943415
BV10000095,bus,沙沟路口西,116.27629499737772,39.90628043675041
BV10000094,bus,五棵松桥东,116.27171529400864,39.90627545919818
BV10005996,bus,南菜园,116.3461839818313,39.87651413206432
BV10006493,bus,白纸坊路口西,116.3519895712955,39.87654664347781
BV10000133,bus,南樱桃园路口北,116.35772405342875,39.87803296093228
BV10001836,bus,牛街南口,116.3575859095213,39.88102801032524
BV10000134,bus,牛街礼拜寺,116.35753472901212,39.88313998058735
BV10001837,bus,牛街,116.3574613718207,39.88694290301066
BV10000135,bus,宣武医院,116.3573612281002,39.88942992914483
BV10000136,bus,槐柏树街东口,116.35721262880595,39.896161831422646
BV10001838,bus,长椿街路口北,116.35721628372052,39.89882670542856
BV10001839,bus,新文化街西口,116.35714284616628,39.90326661322054
BV10001840,bus,民族文化宫,116.35826858559228,39.90589389035596
BV10006833,bus,三里河东路南口,116.33809522657988,39.90728394323368
BV10571920,bus,月坛南街南站,116.3390566376307,39.91114503139458
BV10006834,bus,月坛南街北站,116.33895251864972,39.91387310318616
BV10006835,bus,月坛北街北站,116.33869854568184,39.91802938769425
BV10006592,bus,阜外西口,116.334391587853,39.92189214856133
BV10008197,bus,甘家口西,116.32573329748548,39.92189156257092
BV10006593,bus,白堆子口东,116.32149103160276,39.9221177089505
BV10006594,bus,马神庙,116.31368379899943,39.922489640187365
BV10006595,bus,航天桥东,116.30878665448606,39.92280382342985
BV10000066,bus,甘家口东,116.33104617062904,39.92164844139303
BV10006225,bus,八王坟南,116.47157812772689,39.904978354428565
BV11493640,bus,光辉桥南,116.4715412403888,39.90302333727127
BV10006223,bus,九龙山,116.4713626349242,39.89476820957375
BV11316235,bus,九龙山路口东,116.47406168851334,39.89183090152679
BV10006176,bus,大郊亭桥西,116.48060270265805,39.8918346705632
BV10006492,bus,大郊亭桥东,116.48617159032716,39.89175002993906
BV10000160,bus,惠新东桥南,116.4178038190858,39.98602106065806
BV10000161,bus,对外经贸大学,116.41805584570892,39.98054252752858
BV10000162,bus,中日医院,116.41839923896067,39.9731631603734
BV10006576,bus,和平东桥南,116.41857728227366,39.96683858808242
BV10420890,bus,和平里东街,116.41873298595117,39.96295489684997
BV10006567,bus,和平里路口南,116.4188921497612,39.95550634993821
BV10006566,bus,和平里南口,116.41899283694552,39.95118362162655
BV10006565,bus,北小街豁口,116.417349044676,39.948315130252496
BV10001934,bus,雍和宫桥东,116.41254462868612,39.94814913643592
BV10006562,bus,雍和宫,116.41026268153952,39.94674865338876
BV10006681,bus,国子监,116.41043821651732,39.94375388174658
BV10008388,bus,北新桥路口北,116.41051155971525,39.94156801470575
BV10006560,bus,东四十二条,116.41080876353898,39.93419849883561
BV10001044,bus,张自忠路,116.4093687896278,39.93216069510244
BV10001043,bus,宽街路口东,116.40462857199516,39.93206444213419
BV11488966,bus,南锣鼓巷,116.39785515322636,39.932123960948765
BV10001041,bus,地安门东,116.3928850171127,39.9320801673324
BV10001040,bus,北海北门,116.3847616634077,39.93206178295761
BV10001039,bus,东官房,116.38156866390575,39.931903564222
BV10001038,bus,厂桥路口东,116.37468667050165,39.93165775691987
BV10000433,bus,平安里路口南,116.36683538862724,39.92966486012696
BV10001037,bus,大红罗厂西口,116.36700553942056,39.926654786774215
BV10007516,bus,西四路口西,116.3649489502858,39.92259538661327
BV11494426,bus,白塔寺东,116.36084122775378,39.9225366417587
BV10000069,bus,阜成门内,116.35312362249218,39.92241180253929
BV10008039,bus,南礼士路北口,116.34688591675894,39.92097693135288
BV10000048,bus,月坛公园,116.34710579328348,39.91845366787492
BV10000181,bus,儿童医院路口西,116.3460127540513,39.91260175802605
BV10000182,bus,二七剧场路北口,116.34160695179652,39.91263940106255
BV10000183,bus,三里河东口,116.33635537556252,39.91269789691573
BV10000184,bus,西城三里河,116.3304137350362,39.91274701380767
BV10001035,bus,阜成门,116.3482141022145,39.922163668777934
BV10000432,bus,西四路口北,116.36718565463129,39.92382669635346
BV10006679,bus,厂桥路口西,116.37196367640789,39.93143030468316
BV10006606,bus,和平里路口北,116.41892678244314,39.95875725700215
BV10006573,bus,和平东桥北,116.41856384376916,39.970137443862335
BV10007327,bus,惠新东桥北,116.4178965659974,39.98894602918168
BV10000732,bus,角门南站,116.37177269998942,39.83872505343635
BV10000733,bus,角门,116.3756228516304,39.84430217119953
BV11493533,bus,西马场北口,116.38040554698186,39.84529748467292
BV10000843,bus,马家堡东口,116.380791746877,39.84931599147322
BV10000127,bus,洋桥北,116.38070690111434,39.85645863643138
BV10000128,bus,四路通,116.38067249144268,39.85987946855808
BV10000129,bus,陶然桥北,116.381498307621,39.87233627851387
BV10006688,bus,太平街,116.38122770266706,39.87859713277549
BV10005987,bus,虎坊路,116.37880101541693,39.883098565065794
BV10006687,bus,虎坊桥路口南,116.3786186498401,39.88717250318
BV10006686,bus,琉璃厂,116.37828693735088,39.89498638521294
BV10006685,bus,和平门内,116.37795759065204,39.899953408959774
BV10006501,bus,六部口,116.37723371811916,39.90403378845275
BV10006684,bus,力学胡同,116.3755632980613,39.91194981425705
BV10006683,bus,府右街,116.37559222873712,39.92011044576178
BV10000072,bus,西安门,116.374130498601,39.92187965354304
BV10007354,bus,厂桥路口南,116.373521181222,39.92948189895345
BV10007517,bus,北京四中,116.37078632542034,39.929396566523664
BV10006682,bus,北京三十九中学,116.37095772742488,39.9246285867124
BV10427199,bus,太平街北口,116.38113547254954,39.88092507665122
BV10006689,bus,洋桥南,116.38055524704735,39.85462983949665
BV10012049,bus,天桥商场,116.39172989364644,39.87941768755413
BV10007235,bus,福长街,116.38911924766838,39.88157824738208
BV10420644,bus,友谊医院西,116.38579713954252,39.88496734589682
BV10008393,bus,永安路,116.3813508144652,39.884879748609535
BV11494421,bus,琉璃厂南,116.37850914838552,39.89183736501279
BV10008466,bus,和平门外,116.37812580189733,39.89714340806395
BV10000106,bus,宣武门东,116.37098601902464,39.89853567696792
BV10006502,bus,西单路口西,116.3643749163893,39.90588279932453
BV11494424,bus,南礼士路南口,116.3464614925458,39.90746222030064
BV10000047,bus,北京儿童医院西门,116.34671044747168,39.9117176170237
BV10012000,bus,月坛北街,116.33959670869898,39.91710780320016
BV10427079,bus,展览路口南,116.33850959557483,39.920891610936486
BV10006836,bus,百万庄东口,116.33782018911658,39.92812456767979
BV10000053,bus,二里沟东口,116.33791251989037,39.931804249548165
BV10000054,bus,北京展览馆,116.33793100838744,39.935518065835545
BV10384026,bus,动物园枢纽站,116.33387401245552,39.93560355433707
BV10420642,bus,展览路口北,116.3380422652676,39.92367934535432
BV10001537,bus,西单路口南,116.36786349189757,39.90225584853508
BV10007148,bus,友谊医院,116.38698077588997,39.883598909225285
BV10005985,bus,南纬路,116.38765803808064,39.87938285364064
BV10000031,bus,西直门外,116.34380404821869,39.93835548785038
BV10424697,bus,地铁西直门站,116.34574480795796,39.94011408186564
BV10000029,bus,北下关,116.34216183227824,39.94367914831101
BV10000028,bus,北京交通大学,116.33722032546044,39.94534597174851
BV10000027,bus,大柳树南站,116.33105369674682,39.94895532433725
BV10000026,bus,大柳树北站,116.3296504013658,39.95284583112221
BV10000025,bus,皂君庙,116.33475937354392,39.95654007081172
BV10000024,bus,皂君庙东站,116.33795127657731,39.95669918571972
BV10000023,bus,明光村西站,116.3437418440767,39.95672686569912
BV10000022,bus,明光村,116.34599818203944,39.95669299306636
BV09045875,bus,北京邮电大学南门,116.3522838432718,39.95658273537296
BV10006698,bus,北京师范大学南门,116.36174345893404,39.9565690787879
BV10001792,bus,铁狮子坟,116.3645537194744,39.96028535935648
BV10000714,bus,北太平桥北,116.36386248507633,39.97012282434258
BV10000016,bus,牡丹园,116.36379009925986,39.97399075972574
BV10000015,bus,牡丹园北,116.36363883874952,39.97780379545078
BV10000014,bus,志新桥南,116.36346864179684,39.981348865498575
BV10000013,bus,志新桥北,116.36316832242996,39.98740399653057
BV10000018,bus,北太平桥西,116.35976036509172,39.966602342820856
BV10000019,bus,蓟门桥东,116.35174160039077,39.96653219194975
BV10000020,bus,蓟门桥南,116.3469843888865,39.9628980832377
BV10000021,bus,明光桥北,116.3471584705196,39.95949492655237
BV11493556,bus,石榴园东,116.41234861645329,39.8445378468124
BV10007851,bus,石榴园,116.40851219668755,39.8450503992691
BV10007853,bus,石榴园北,116.4084148604019,39.84711322326709
BV11501223,bus,光彩路北站,116.40828043048212,39.84969699893594
BV10007850,bus,赵公口桥南,116.40807371213594,39.854135633680364
BV10007849,bus,定安路,116.40776173812394,39.86000214440784
BV10007848,bus,琉璃井,116.40760732737463,39.86235993755756
BV10007847,bus,李村,116.40743778330054,39.86569267408077
BV11493570,bus,天坛南门东,116.40972676817478,39.87181160660648
BV10002633,bus,东侧路,116.41503770521172,39.87414229894729
BV10002634,bus,天坛体育场,116.41477162246278,39.88030177120571
BV10006555,bus,法华寺,116.4144468340155,39.88366534239418
BV10006556,bus,红桥路口北,116.41287357010344,39.88838089882312
BV10006557,bus,磁器口南,116.41278220330652,39.89053873047898
BV10006558,bus,花市路口南,116.4125894553085,39.894899388653776
BV10006639,bus,崇文门东,116.41601867620632,39.89908295598919
BV10000545,bus,东便门,116.423082453182,39.89928026703799
BV11493553,bus,铁辘轳把,116.42848116334848,39.89628445517217
BV10006636,bus,小市口,116.42385308951654,39.896124339510486
BV10006637,bus,羊市口,116.41418500220404,39.89581756394556
BV11494419,bus,对外经贸大学北,116.41642258934122,39.98208093819143
BV10006619,bus,惠新里,116.4134181949952,39.98205144069773
BV10006705,bus,安苑路,116.40906518732343,39.98197154058563
BV10006704,bus,安苑东里,116.4054226670858,39.98185177025355
BV10006703,bus,奥体东门,116.4010778321569,39.98024149681025
BV10006702,bus,安贞里,116.4012059688538,39.97170186780653
BV10004316,bus,安贞桥北,116.40122721437692,39.96983994666329
BV10006701,bus,安外甘水桥,116.40146017285235,39.9629992698838
BV10004317,bus,蒋宅口,116.40160280199304,39.95849048083214
BV11495692,bus,地坛体育馆,116.40171026668996,39.95517163707336
BV10004318,bus,地坛西门,116.40179680711285,39.95120081440438
BV10002732,bus,东直门北,116.42720582586504,39.94348370768039
BV10427584,bus,香河园路西口,116.42964839917224,39.94345517428832
BV10002733,bus,香河园,116.4327363620642,39.94550282860339
BV10002197,bus,左家庄,116.43981775422507,39.9509369125664
BV10006235,bus,三元桥西站,116.4441473205959,39.954448231912885
BV11493621,bus,静安庄东,116.44304972943138,39.96012580053633
BV10000781,bus,国际展览中心,116.43538841864672,39.95871468469311
BV10006613,bus,北官厅,116.4238964993538,39.94853721605223
BV10006706,bus,惠新西街北口,116.41108951260556,39.98517765395639
BV10000159,bus,惠新东桥西,116.41500726739396,39.9872334998699
BV10000052,bus,三塔寺,116.34276316781188,39.93100859993742
BV10000050,bus,车公庄西,116.34601241945364,39.93099299445467
BV10000056,bus,马尾沟,116.34723655177078,39.92615412982205
BV10000057,bus,阜外医院,116.3469834248756,39.92329867142024
BV10000045,bus,真武庙,116.34642012715858,39.903123480518026
BV10427115,bus,西便门外,116.34506531911694,39.89982693224248
BV10000043,bus,天宁寺桥北,116.34217960102517,39.89790903606529
BV10000042,bus,广安门北,116.3421225407602,39.891448433333856
BV10883823,bus,广安门内,116.3496296612148,39.88790985955153
BV11494456,bus,枣林前街路口北,116.35270228068283,39.88405215996218
BV10000038,bus,白纸坊,116.35298146540612,39.87849899901012
BV10000058,bus,南樱桃园路口南,116.35773541504248,39.87503309539198
BV10000036,bus,右安门内,116.35785255119644,39.8723860634169
BV10000035,bus,右安门,116.35805696742834,39.86636808733887
BV10000033,bus,右安门外,116.35825113226056,39.86247702156187
BV10000032,bus,翠林小区,116.35846535806245,39.85784897444184
BV10000037,bus,南樱桃园路口西,116.35685171493166,39.87679627814504
BV10000040,bus,白广路北口,116.35257418546038,39.88668823278308
BV10007703,bus,天宁寺桥东,116.34540905860372,39.89630150367761
BV10791097,bus,车公庄南街,116.34331343941491,39.92761877577668
BV10001228,bus,红庙路口东,116.47435894966068,39.91439275057208
BV10001227,bus,红庙路口西,116.46962299567429,39.91459354261865
BV10001226,bus,小庄路口东,116.46518154093503,39.91503253853733
BV10004300,bus,呼家楼西,116.45426775660026,39.91839196353177
BV10000549,bus,关东店,116.448791433494,39.919778426546735
BV10007483,bus,东大桥路口西,116.44312578961387,39.92168148114452
BV10006531,bus,神路街,116.4387598520865,39.922072104620845
BV10006532,bus,朝阳门外,116.43283642871614,39.92298289078752
BV10006533,bus,朝阳门内,116.4262957914582,39.92312329814019
BV10006534,bus,朝内小街,116.4179720592535,39.92306673529431
BV10006752,bus,东四路口东,116.41266094590922,39.92303122769712
BV10007484,bus,美术馆东,116.40689011134027,39.92298676214281
BV10000075,bus,沙滩路口西,116.39844643463714,39.92292738321128
BV11490154,bus,神武门,116.38930804882912,39.92189939147495
BV10000073,bus,北海,116.38279623655518,39.92097328036114
BV10000071,bus,西四路口东,116.368779685201,39.92270596126009
BV10000068,bus,阜成门外,116.3441843073574,39.9221904867702
BV10000067,bus,展览路,116.34110283121886,39.92208689868915
BV10000249,bus,甘家口北,116.3283810793482,39.92300844919546
BV10008438,bus,百万庄西口,116.3285911118059,39.92685789008208
BV10008439,bus,百万庄中街,116.33174692197407,39.926849903158576
BV10000772,bus,东大桥路口东,116.44530764625884,39.92097194841953
BV10000062,bus,二里沟,116.327141495595,39.93428435748852
BV10000064,bus,百万庄,116.32759600372948,39.92992666473558
BV10000065,bus,甘家口大厦,116.32802953075505,39.92580700484126
BV10001841,bus,缸瓦市,116.3673821613892,39.917762724245016
BV10006760,bus,甘石桥,116.36750242913136,39.914389729885656
BV10001538,bus,西单商场,116.36768081528992,39.90948073806835
BV10001536,bus,宣武门内,116.36793669608488,39.89988887202703
BV10000918,bus,校场口,116.36814214771698,39.89420790047471
BV10000911,bus,菜市口北,116.36813565501264,39.89029008932859
BV10006749,bus,果子巷,116.37263446461752,39.88786654318566
BV11494330,bus,西马场,116.37941713975692,39.83885055805572
BV10005972,bus,西马小区,116.37495621323048,39.83884808132108
BV10006748,bus,虎坊桥路口西,116.37578712239788,39.88805669585547
BV10000912,bus,宣武门外,116.36832266120231,39.89616561068489
BV10008182,bus,西四路口南,116.36731098053836,39.91993671442759
BV11488968,bus,骑河楼,116.4002125036624,39.91798382311289
BV11493554,bus,东安门大街,116.40217571364984,39.91392741751798
BV10000078,bus,新东安市场,116.4060917225603,39.91410477045158
BV11279627,bus,校尉胡同,116.4075401621393,39.91043060425488
BV10000079,bus,王府井路口北,116.40504082609756,39.908345583734615
BV09144415,bus,台基厂,116.40546786433713,39.90214702418181
BV10000080,bus,台基厂路口东,116.40729838007488,39.8995299610944
BV10000081,bus,崇文门西,116.40998645164078,39.89960243584392
BV11493605,bus,北京站西街,116.41546876875069,39.9011353872221
BV10000083,bus,北京站西,116.4185923839225,39.90335417927547
BV10413431,bus,地铁柳芳站,116.42495403525125,39.95809816102809
BV10006526,bus,柳芳北街,116.43079577869808,39.95821730745186
BV10006528,bus,左家庄东里,116.43945634999751,39.95507607555348
BV10747397,bus,柳芳东口,116.43274838099208,39.953429536155774
BV10747400,bus,柳芳西口,116.42957000439924,39.95324067408458
BV10747399,bus,西坝河南路,116.428576657421,39.95681509740458
BV10747398,bus,地铁柳芳站(西行),116.42427289209375,39.95815630249366
BV10006740,bus,和平里路口西,116.41698835268326,39.95803541178921
BV10006615,bus,和平里北街,116.4114703445422,39.95792199835998
BV11494191,bus,兴化路南口,116.4074500505662,39.957853641714
BV11494192,bus,蒋宅口东,116.40357974483616,39.95779705877941
BV10006549,bus,安定门内,116.40199866907015,39.94507110633689
BV10006743,bus,方家胡同,116.40214308398328,39.94227625388455
BV10006550,bus,交道口南,116.40229277020408,39.93738148778864
BV10006551,bus,北兵马司,116.40236914888996,39.93466361688695
BV10006744,bus,宽街路口南,116.40259071266895,39.93098382550391
BV10006745,bus,大佛寺,116.40280240024454,39.92632007468758
BV10006746,bus,美术馆北,116.40450356575704,39.923739734669226
BV10000077,bus,灯市西口,116.40472442743092,39.91792705676842
BV10006536,bus,灯市东口,116.41040855263304,39.91737493075273
BV10006537,bus,米市大街,116.41150281079494,39.91527673422864
BV10006538,bus,东单路口北,116.41162278691613,39.90849610456528
BV10006539,bus,崇文门内,116.41204198653722,39.90221666901878
BV10001438,bus,天桥,116.3927172836704,39.883089332348334
BV10007234,bus,友谊医院东,116.38834807660032,39.88492633738414
BV10000434,bus,护国寺,116.36665905128594,39.93421388032085
BV10008181,bus,新街口南,116.36658078436864,39.93715485312139
BV10008180,bus,新开胡同,116.36087804427665,39.93921391535633
BV10008179,bus,西直门内,116.3534638642048,39.93914259872149
BV10006770,bus,动物园,116.33067406705024,39.93705551743615
BV10006769,bus,白石桥东,116.32645471321436,39.9371295581152
BV10013524,bus,新街口西,116.3643706720992,39.93924441921329
BV10001056,bus,东直门枢纽站,116.42972689335996,39.94076139631776
BV10006820,bus,东直门内,116.42431029834792,39.93972707512005
BV10011959,bus,东内小街,116.41645904488225,39.93963865464082
BV10006561,bus,北新桥路口南,116.41064808325623,39.93840922719204
BV10006754,bus,魏家胡同,116.41093834091151,39.93058472845565
BV10006559,bus,钱粮胡同,116.41111806815935,39.926161026026456
BV10006535,bus,东四路口南,116.4113068533729,39.92136134858053
BV10006774,bus,磁器口北,116.41249463522296,39.89274341870959
BV10007232,bus,红桥路口西,116.40951266305204,39.88696773262007
BV10006543,bus,天坛北门,116.40465734595044,39.88687740744364
BV10006544,bus,金鱼池,116.40007444446007,39.88674418477644
BV10006545,bus,天桥路口东,116.39562982614852,39.88581892838194
BV10013523,bus,北纬路东站,116.38797456491088,39.88215360229732
BV10006000,bus,北纬路,116.38331787725642,39.88201372757631
BV11494423,bus,南站幸福路,116.37785787222604,39.867025082157966
BV10006453,bus,北京南站,116.37101129830272,39.864677310761074
BV11494380,bus,永定门汽车站,116.37668482155982,39.86795095627388
BV10006755,bus,北新桥路口西,116.40864827477108,39.939545991622346
BV10006756,bus,交道口东,116.40397528011069,39.93948391330328
BV10006757,bus,小经厂,116.39931751944202,39.93945881371264
BV10006758,bus,宝钞胡同,116.39411698957144,39.93941072245931
BV09011755,bus,鼓楼,116.38980900592377,39.936774641283634
BV10006759,bus,地安门外,116.3899684523347,39.93294175087266
BV10008423,bus,平安里路口东,116.36847197877384,39.93137994385394
BV10008417,bus,平安医院,116.359879696175,39.9310895933723
BV10011955,bus,官园,116.355622977571,39.93106166471683
BV10008422,bus,车公庄东,116.35209745621816,39.930952049813456
BV11266824,bus,崇文门,116.41281116099265,39.89896236737727
BV10004315,bus,五路居,116.40129976111334,39.97358881287136
BV10422573,bus,东大桥公交场站,116.44512405670112,39.92173353714899
BV10012092,bus,西四丁字街,116.36877889056186,39.92110302852539
BV10006750,bus,菜市口西,116.3641515278854,39.88794989060974
BV10006751,bus,牛街路口西,116.3562782894408,39.88803856666325
BV10005974,bus,达官营,116.33207002899842,39.88858796612254
BV10006600,bus,广外甘石桥,116.32842532325677,39.88861487743563
BV10006598,bus,湾子,116.32250590868,39.888722226901045
BV10001255,bus,北京西站南广场,116.3188618555594,39.89206707770679
BV10006542,bus,东晓市,116.40625792560591,39.889783921507885
BV10006541,bus,兴隆街,116.40605227249748,39.89389164132217
BV10006540,bus,打磨厂,116.40587478049412,39.89688842867462
BV10000773,bus,东大桥路口北,116.44423132963536,39.924496593437794
BV10006530,bus,朝阳医院,116.44423107663911,39.92649351162103
BV10001051,bus,工人体育场,116.44429529895444,39.93399134040191
BV10001052,bus,幸福三村,116.44432690304735,39.93778525365374
BV10001053,bus,塔园村,116.44431513540384,39.94360999921979
BV10001054,bus,新源里,116.44298220016869,39.94712317641447
BV10006529,bus,左家庄东街,116.4420278580042,39.95417001708642
BV10006527,bus,左家庄中街,116.43491001208815,39.9535620769899
BV10000780,bus,柳芳北里,116.43346752851176,39.956364579838926
BV10000076,bus,美术馆,116.4033570813084,39.92297737815781
BV10006778,bus,景山东门,116.3933530880658,39.92334045804599
BV10011958,bus,景山东街,116.393213746844,39.92610836295263
BV10006779,bus,地安门内,116.39013378387756,39.93000682466431
BV10001299,bus,大北窑南,116.4558343556758,39.90432230069813
BV10006275,bus,大北窑北,116.45599716069202,39.90990545237782
BV10006276,bus,光华桥北,116.45590738562296,39.91384506868027
BV10000550,bus,呼家楼北,116.45569294914358,39.9199632970539
BV10001224,bus,白家庄,116.45578156366096,39.92521629494964
BV10424727,bus,白家庄北,116.45582926962732,39.92873226733144
BV10006553,bus,长虹桥西,116.45152073899968,39.93243801338927
BV10006552,bus,三里屯,116.44839371057792,39.93243404309439
BV10001050,bus,工人体育馆,116.43668067580651,39.93239995685797
BV10001049,bus,东四十条桥东,116.43249051298348,39.93238695826428
BV10001048,bus,东四十条桥西,116.42497334211846,39.93235220366941
BV10001046,bus,东四十条,116.41763644446831,39.93234803631822
BV10006548,bus,外馆斜街,116.39690425947111,39.96157074870037
BV10006547,bus,安华西里,116.39051661797173,39.96187845913649
BV10000441,bus,安华桥南,116.38852880241046,39.96493192058711
BV10000164,bus,安华桥北,116.38830626939982,39.969705806359975
BV10000165,bus,安贞西里,116.38816290541088,39.97295272636979
BV10000792,bus,地铁北土城站,116.38574760192829,39.97553159037994
BV11493622,bus,华严里,116.3818516206736,39.97765856932489
BV10006546,bus,民族园西路,116.38032828634287,39.98108540291626
BV10001189,bus,祁家豁子,116.37603502467714,39.98094963417442
BV10012002,bus,长虹桥南,116.45529332579584,39.93096689016349
BV10006236,bus,呼家楼南,116.45526519255417,39.915441458825086
BV10007700,bus,车道沟桥西,116.28355791449046,39.94588154974024
BV10007043,bus,车道沟桥东,116.29303299032628,39.94478542491137
BV10007044,bus,北洼路,116.29835503429156,39.94277867675724
BV10000059,bus,紫竹院南门,116.31259830122288,39.93787606908927
BV10007249,bus,白石桥西,116.31531121032788,39.93764192819032
BV10000060,bus,白石桥南,116.31937028205776,39.93496926233273
BV10000250,bus,四道口东,116.32075360101878,39.93104176160134
BV10008429,bus,钓鱼台,116.32837997380528,39.91595274625648
BV10000185,bus,木樨地北,116.32868511405826,39.90931744784344
BV10000307,bus,木樨地东,116.33129260629,39.9058716474876
BV10006832,bus,白云路,116.3372035118538,39.90471468462936
BV10006890,bus,公安大学,116.3328535839212,39.901835885343154
BV10008428,bus,玉渊潭东门,116.32863711745247,39.910159502999
BV10008404,bus,二里沟西口,116.32638762513564,39.93113592861176
BV10007122,bus,板井,116.28124740833216,39.94550167265383
BV10000477,bus,英家坟,116.4795158662748,39.91434152524953
BV10006390,bus,小庄路口北,116.4634705446699,39.91666696838952
BV10006389,bus,水碓路口南,116.4634721034787,39.92022682478028
BV11494460,bus,水碓路口西,116.46221066743163,39.92198447785484
BV10006486,bus,团结湖公园,116.4608979046724,39.92538497276456
BV10006485,bus,团结湖路北口,116.46088010705412,39.93127068962321
BV10008185,bus,东黄城根北口,116.40000088731288,39.93017028720481
BV10000478,bus,慈云寺,116.48703506743097,39.91418260143187
BV10006605,bus,东土城路,116.426087588198,39.953323817626014
BV11087981,bus,砖角楼,116.4227841690852,39.95288070801344
BV10006554,bus,北京体育馆西,116.41785405800684,39.88254441535242
BV10002635,bus,北京体育馆,116.42304149742782,39.8826649898161
BV10002637,bus,龙潭公园,116.42789619710972,39.87956141891593
BV10000202,bus,安贞桥东,116.40572669560834,39.967407475319966
BV10001220,bus,和平西桥,116.41378942756118,39.96763330593663
BV10000163,bus,和平东桥,116.41647448603986,39.96770856123885
BV10012044,bus,和平里南街,116.4182095932774,39.9527277815634
BV10006622,bus,地坛东门,116.41402559383376,39.95263708297978
BV11493604,bus,地坛南门,116.4099451181909,39.94902936790099
BV10002729,bus,东直门,116.43115886362403,39.93965759181802
BV10001932,bus,春秀路,116.43643217490396,39.93976222895513
BV10011993,bus,团结湖,116.46194247834418,39.932332367338
BV10000473,bus,甜水园街北口,116.4709615097112,39.93236050545252
BV10000474,bus,甜水园北里,116.4721301819441,39.92833091621652
BV10000475,bus,金台路口南,116.47195257970654,39.9200657582504
BV10000476,bus,红庙路口北,116.47187877228622,39.91641370416599
BV10008387,bus,金台路口北,116.47216488271062,39.92371820039136
BV11494416,bus,地铁和平里北街站,116.4123353436722,39.95659965294231
BV10008418,bus,郝家湾,116.33137621945932,39.93114342785019
BV10001601,bus,外文印刷厂,116.31620200722494,39.93113049055501
BV10001600,bus,老虎庙,116.3095189990549,39.93111812105344
BV10000210,bus,花园桥北,116.30435000378029,39.93250154864158
BV10002788,bus,紫竹桥南,116.30438429898048,39.93753228418368
BV10000786,bus,地铁芍药居站,116.42942174674526,39.97661453273549
BV10000005,bus,育慧南路南口,116.42549067557805,39.97594914245183
BV10000006,bus,对外经贸大学东门,116.42478709205204,39.979011118895166
BV10000007,bus,中国现代文学馆,116.42419270603963,39.98213924809421
BV10006571,bus,青年沟东口,116.41775097158713,39.96076702153021
BV11494420,bus,青年沟,116.41090147384408,39.9606465130643
BV10006569,bus,青年沟西口,116.40728158368536,39.96058345111535
BV10006568,bus,小黄庄,116.40348934180876,39.96060891890833
BV10001935,bus,安定门,116.4026735437256,39.94826016056609
BV10000424,bus,惠新东桥东,116.41908335033706,39.98734527056765
BV10000008,bus,育慧南路,116.42473912044127,39.98600677357467
BV11677763,bus,芍药居,116.42975168390072,39.982121794513
BV10000003,bus,芍药居东,116.43181902220434,39.98044799832739
BV10000125,bus,赵公口桥西,116.40257927542652,39.855865334360885
BV10000126,bus,木樨园桥东,116.3981909246612,39.855897543982856
BV10000674,bus,木樨园桥北,116.39396121252176,39.85927040098635
BV10000673,bus,沙子口,116.39378371314687,39.86327020161355
BV10000672,bus,永定门内,116.39387655689691,39.87231171612284
BV10000671,bus,先农坛,116.3940380457964,39.876262499172086
BV10000670,bus,天坛西门,116.39287459083351,39.88053843245145
BV10006415,bus,珠市口南,116.39229967133018,39.888317151955576
BV10006414,bus,大栅栏,116.39488567454988,39.894729546948014
BV09010849,bus,前门,116.3944534364363,39.89663349145177
BV10006495,bus,王府井,116.40695924158555,39.90663648473131
BV10006494,bus,东单路口东,116.41416057368518,39.90683805581892
BV10006853,bus,永安里路口北,116.44422608168875,39.91051616535793
BV10006588,bus,芳草地南,116.44421574866332,39.91293704155455
BV10006587,bus,芳草地,116.44422224030394,39.9170978800797
BV10005883,bus,前门,116.38835061324386,39.89640180130034
BV10002775,bus,定慧桥东,116.27238550755156,39.92286506311514
BV10002776,bus,定慧寺东,116.28061913992065,39.9228534054895
BV10002777,bus,西钓鱼台,116.29594827283267,39.92260855379719
BV10000141,bus,航天桥西,116.3002128399216,39.92254829080144
BV11493643,bus,北京站东街,116.4273170508818,39.90392148962207
BV10000532,bus,北京站东,116.42439200964358,39.903711667431786
BV10000533,bus,建国门南,116.42979385949108,39.90264907244873
BV09024299,bus,广渠门,116.43784544877415,39.892326732843024
BV10000535,bus,光明桥,116.43904142572497,39.883333334005634
BV10000536,bus,肿瘤医院,116.4386576512374,39.87427507574108
BV10000537,bus,左安门外,116.43279649906216,39.86649042558522
BV10000538,bus,芳城园,116.42702550903373,39.86460898465953
BV10005395,bus,方庄环岛西,116.4223637509432,39.86444211996318
BV10005396,bus,芳古园,116.41969584121244,39.86437018567668
BV10006602,bus,蒲黄榆,116.41544825845315,39.86562008808148
BV10005397,bus,玉蜓桥西,116.41422734461752,39.86988485393018
BV10002632,bus,天坛南门,116.40629324169169,39.87175981945574
BV10002631,bus,永定门东,116.39895609365782,39.87152277885258
BV10002638,bus,永定门西,116.38859676141482,39.8710249449146
BV10001258,bus,陶然亭公园南门,116.37241500039502,39.869890645643466
BV10001257,bus,开阳桥西,116.36694689383168,39.86951846067178
BV10001256,bus,右安门西,116.3557217323116,39.86866935097682
BV10005398,bus,大观园,116.35086974752276,39.86830784056373
BV10005399,bus,大观园西,116.34484860209632,39.86956376556192
BV10005997,bus,白纸坊桥南,116.3443840629246,39.87352236091332
BV10005401,bus,白纸坊桥北,116.34411208133044,39.87784161286024
BV10005402,bus,椿树馆街,116.34389109400858,39.881377820865445
BV10005403,bus,广安门南,116.34392754310078,39.885125575807656
BV10414143,bus,广外关厢,116.34057521887604,39.888511318531854
BV10002911,bus,莲花池,116.31571444083194,39.88884025625272
BV10005400,bus,菜户营桥北,116.34236372990708,39.87012505772956
BV10006601,bus,菜户营桥东,116.34618424584995,39.86653364727724
BV10001248,bus,右安门东,116.36165585561614,39.86812507081683
BV10613076,bus,开阳桥东,116.3696394587282,39.86876751854709
BV10417913,bus,芳古园北,116.42012188708894,39.86873340348144
BV10000544,bus,劲松南路西口,116.44015471696784,39.87869063628795
BV10000170,bus,牡丹园西,116.36137466674256,39.9751738238475
BV10417989,bus,北太平桥东,116.36654510273397,39.966392734207005
BV10000343,bus,马甸桥南,116.3735767412831,39.96378548202548
BV10001186,bus,德外关厢,116.37336270622802,39.95805390744392
BV10006610,bus,黄寺大街西口,116.37470984460566,39.9614335524755
BV10427132,bus,阳光丽景小区,116.3806675217118,39.961603958764
BV10006608,bus,黄寺,116.38325375221854,39.96166639414627
BV10006607,bus,黄寺大街东口,116.38671591145726,39.96178672117013
BV10006612,bus,和平里路口东,116.4201095326843,39.9579035152503
BV10006604,bus,东土城路南口,116.42618203050132,39.95114502810738
BV11058818,bus,胡家园南,116.43843060144783,39.94154472010646
BV10000778,bus,胡家园北,116.4376041175915,39.94577606144528
BV11060384,bus,香河园桥,116.43621962676735,39.94816052790052
BV11491356,bus,左家庄桥西,116.43869041760884,39.947881944669874
BV10001219,bus,马甸桥西,116.36910862825016,39.96685883826241
BV11358270,bus,花园路南,116.3594952895081,39.97061654691419
BV09039260,bus,惠新西街,116.41107213255678,39.98019984546013
BV10005411,bus,惠新西街南口,116.41131201947108,39.97498321520457
BV10005888,bus,和平西桥北,116.4115759347368,39.96974560274039
BV10006617,bus,和平西桥南,116.41186002285971,39.96333405228497
BV10423421,bus,和平里西街,116.41205469481952,39.9595373381048
BV10006614,bus,和平里中街,116.41235353570006,39.95523471968896
BV10006620,bus,和平里中街西口,116.4043364370932,39.95539441048198
BV10006621,bus,地坛北门,116.40896946981728,39.95566853404037
BV10000002,bus,望和桥,116.43117882513212,39.98749172091356
BV10000554,bus,延静里,116.47755671331326,39.92171056427706
BV10000553,bus,金台路口东,116.47357119201556,39.92167722571261
BV11492732,bus,金台路口西,116.46815394431026,39.921803233476496
BV10000552,bus,水碓子,116.46623729752078,39.92187906552579
BV10427610,bus,东大桥东站,116.45242974247594,39.92207451828261
BV11546381,bus,东大桥,116.44770307430672,39.922103965692
BV10007408,bus,东大桥路口南,116.44410360595096,39.9196395334193
BV10006753,bus,北京站前街,116.42096042859262,39.90549656378379
BV11494444,bus,呼家楼北街小区,116.45731679653788,39.92190216111749
BV11490152,bus,肖村桥北,116.44088518822475,39.83377255393341
BV11259707,bus,郭家村南,116.44088965995932,39.83805329034113
BV10000119,bus,郭家村,116.44087611979836,39.84207201555227
BV11490153,bus,丰台苇子坑,116.438104091341,39.84454870776708
BV10000121,bus,方庄南路南口,116.43293233624432,39.84630277521772
BV11358267,bus,方庄南路,116.43282970336692,39.849606415943306
BV10000122,bus,方庄桥南,116.43268287468663,39.853731943611145
BV10000227,bus,方庄桥西,116.43106805356236,39.85780419366001
BV10000540,bus,方庄南口,116.4257730408642,39.85879163113759
BV10000539,bus,方庄环岛南,116.4244111751198,39.86324064915477
BV10417909,bus,蒲方路西口,116.41691318319182,39.86429745848305
BV10007478,bus,东单路口南,116.4119674650099,39.90574946187255
BV10006825,bus,东铁营桥东,116.4271787351709,39.85710260319446
BV10001611,bus,东升园,116.32678240091512,39.98894185038951
BV10001610,bus,保福寺桥北,116.3269354551063,39.98573869037325
BV10001609,bus,保福寺桥南,116.32713749074144,39.98179446593692
BV10420621,bus,白塔庵北,116.32734854532156,39.97753823556467
BV10001607,bus,白塔庵,116.32752555086918,39.97428702851859
BV11494334,bus,白塔庵南,116.32771157535868,39.970723816140335
BV10001605,bus,联想桥南,116.328080484631,39.964760349560336
BV10001604,bus,皂君东里,116.32860493790996,39.95958955426941
BV10001603,bus,大慧寺路东口,116.32807326359634,39.95084091548063
BV10001602,bus,大慧寺路西口,116.32211999799,39.95051735347002
BV10343310,bus,中央民族大学,116.31825633893774,39.946821927494064
BV10000251,bus,国家图书馆,116.31882954805178,39.94268599182204
BV10006831,bus,白云观,116.33600983722846,39.89930712062186
BV10000913,bus,白云桥西,116.3345504573156,39.89640795741966
BV10000101,bus,北京西站,116.31666937462752,39.895951101506746
BV10006664,bus,大西洋新城南门,116.46196838305184,39.98945416454864
BV11573012,bus,花家地西里,116.45855345069,39.98772859276105
BV11497164,bus,南湖中园二条,116.45561812303768,39.98817039723727
BV11494312,bus,花家地西里西站,116.45199918723496,39.98764891551233
BV10000983,bus,望京桥北,116.4508502945827,39.98373146052056
BV10002734,bus,望京桥南,116.44688178504148,39.97756200540747
BV11493619,bus,地铁太阳宫站,116.44027118345797,39.97211093191616
BV11497161,bus,西坝河路,116.43658725503624,39.973457171504045
BV10006661,bus,西坝河北里,116.43430378851522,39.96849947567353
BV10000201,bus,西坝河,116.43235081075804,39.96713736506396
BV10344549,bus,太阳宫桥(西行),116.425590816778,39.968336575692966
BV10344556,bus,太阳宫桥(东行),116.42563894647928,39.96796865283871
BV11497163,bus,七圣路北口,116.42953822389592,39.9667650952626
BV10006658,bus,光熙门北里,116.42966887569423,39.96362541100814
BV11497162,bus,七圣路南口,116.4300197381482,39.9622119852716
BV10006656,bus,七圣南路,116.4338609486812,39.95969309191068
BV10539136,bus,北官厅(西行),116.42399666270228,39.94853733908308
BV10468646,bus,雍和宫桥东(西行),116.41254462868612,39.94814913643592
BV10344551,bus,雍和宫桥东(东行),116.4120531906299,39.94779879922171
BV11502342,bus,西坝河(东行),116.43290708269888,39.96627628478965
BV11494471,bus,静安庄西,116.43702745843667,39.96406831745017
BV11502341,bus,西坝河(西行),116.43327783265768,39.9665408715904
BV10000599,bus,望花路,116.4655978885891,39.9873487540855
BV10006676,bus,望花路西口,116.46207840959651,39.9842006635427
BV10000596,bus,花家地南街,116.45870542655882,39.98385812925198
BV10000595,bus,阜通西大街西口,116.45316215585564,39.98379276266976
BV10000984,bus,太阳宫公园,116.44432320820836,39.97481378618162
BV10000784,bus,西坝河东里,116.43928535804804,39.9675232684289
BV10000783,bus,曙光里,116.44567393036662,39.96610491678039
BV10000782,bus,曙光里南口,116.44311443338704,39.96378978545936
BV10012046,bus,静安东街,116.44260585567594,39.9579730041904
BV10006674,bus,左家庄北里,116.43882065641384,39.95634685109912
BV10000200,bus,静安庄,116.4400047956398,39.96211482479097
BV10000908,bus,开阳桥北,116.36822278753183,39.87262885690066
BV10000909,bus,自新路口北,116.36827493065036,39.878826486633926
BV10416611,bus,南横街路口西,116.36611046649668,39.881980806992765
BV10005990,bus,教子胡同南口,116.36209540598172,39.8819897929352
BV10005991,bus,牛街西里,116.3564128224489,39.88198366073753
BV10005992,bus,白广路,116.35388635286988,39.881984436500574
BV10883822,bus,六里桥东,116.30931914917322,39.88568647693271
BV10000706,bus,六里桥西,116.30067199285568,39.88196130188123
BV09109974,bus,地铁六里桥站西,116.29483375658236,39.87982231566767
BV10000707,bus,小井桥东,116.2903161239604,39.8789675621943
BV10007870,bus,小井,116.28035451500544,39.87474592806466
BV10007874,bus,丰台路口东,116.27570787812142,39.87293768695925
BV10006903,bus,小井路口东,116.29008269901,39.877646987899
BV10000039,bus,枣林前街,116.35362284896205,39.881887844181946
BV10000138,bus,公主坟南,116.30393785654218,39.900786631602045
BV10000212,bus,六里桥北里,116.30398522756263,39.88905908446477
BV10001252,bus,东局,116.31488934621152,39.87265362568809
BV11494397,bus,东局南,116.31498670046824,39.86808167808604
BV10846417,bus,丽泽桥东,116.31504984528904,39.865791679240274
BV09205387,bus,三路居,116.31598629760748,39.861209140832166
BV09178805,bus,中国戏曲学院,116.32767645114411,39.86155868129506
BV11494384,bus,菜户营西站,116.33284805435444,39.86655760597228
BV10007155,bus,玉泉营桥北,116.34102138627162,39.85591620494833
BV10007523,bus,玉泉营桥东,116.34795968972462,39.85056956074075
BV10000221,bus,草桥,116.35483339762796,39.85230557648009
BV10005970,bus,嘉园一里,116.35973631682648,39.84940269209893
BV10000841,bus,马家堡小区,116.36605070417632,39.84930362524344
BV10000842,bus,角门北路,116.37259143303623,39.84919562034814
BV10846419,bus,中国戏曲学院,116.32855122039624,39.87129949297275
BV10002629,bus,三路居(临时站),116.32050874828498,39.870864952508974
BV09225767,bus,东局南(临时站),116.316244530824,39.8705971465884
BV10001882,bus,六里桥北,116.30453529633054,39.88721018095533
BV10002828,bus,莲花桥,116.30443141548736,39.89598795955683
BV10001222,bus,农业展览馆,116.45585115700092,39.9381129449089
BV10006780,bus,铸钟厂,116.3854712597472,39.94016112000336
BV10008159,bus,德内甘水桥,116.38156625059978,39.94298512216688
BV10006782,bus,果子市,116.37831857602974,39.94463827662503
BV10011974,bus,德胜门南站,116.37525322812373,39.94627167836358
BV10000437,bus,德胜门,116.37398429588764,39.94819072574723
BV10001184,bus,冰窖口胡同西口,116.36691872650631,39.94964096492913
BV10001790,bus,小西天,116.36537662036427,39.951725698147705
BV11493629,bus,北师大路口南,116.36502665583149,39.95539297571767
BV10006862,bus,北太平桥南,116.3641378955846,39.96370173720266
BV10001540,bus,积水潭桥东,116.36774692656503,39.947132121049485
BV10002767,bus,韩庄子南,116.28485867627792,39.835396089776005
BV10002768,bus,看丹桥,116.28086148680411,39.83705040824502
BV10002805,bus,看丹桥北,116.27969363148476,39.84107265721224
BV10002769,bus,正阳桥北,116.27776118001788,39.84957054205225
BV10002770,bus,北大地,116.2772551483526,39.85511383159783
BV10002771,bus,岔路口,116.27759287216912,39.86185105101536
BV10000635,bus,七里庄,116.28647045431411,39.86455607129965
BV10000637,bus,丰台北路,116.29127617426822,39.86491479274252
BV10000214,bus,西局,116.30567063772166,39.87317681495403
BV10000213,bus,六里桥南,116.3050292454091,39.87924867398868
BV10000105,bus,长椿街路口东,116.3595184920306,39.898071494029146
BV10000107,bus,和平门东,116.37912875964068,39.8986716019996
BV10006767,bus,磁器口西,116.40977228336337,39.89164666791148
BV10006766,bus,水道子,116.40665295840628,39.89154301799356
BV10006807,bus,桥湾,116.40373828732189,39.89142387247251
BV10425122,bus,东城三里河,116.40019189986732,39.89128999119138
BV10000108,bus,前门西,116.38768153481853,39.89895492473421
BV10000137,bus,长椿街路口西,116.3553446722561,39.8980514833027
BV10002766,bus,科丰桥北,116.28647130074744,39.83367789210519
BV11494436,bus,景辉街东口,116.47176202236622,39.91107460391614
BV10006226,bus,八王坟北,116.47175319359783,39.90945164853594
BV11494325,bus,百子湾路口东,116.47359709103624,39.899202257858185
BV10006312,bus,百子湾桥西,116.47800515301142,39.8993288093432
BV11493614,bus,百子湾桥南,116.48366535246436,39.89823834156638
BV10005408,bus,雅宝路,116.42860108921953,39.91440983585508
BV10002636,bus,光明楼,116.43189253397546,39.88302216326787
BV10006628,bus,龙潭湖游泳池,116.4318543579288,39.87589545390389
BV10006627,bus,左安门内,116.43342397451622,39.87320308893573
BV10008390,bus,方庄桥北,116.43230825735456,39.86036297922684
BV10000123,bus,刘家窑桥东,116.42099462036012,39.85711297369078
BV11621436,bus,刘家窑桥南,116.41568587880512,39.8550368724833
BV10008152,bus,榴乡路北站,116.41552873385098,39.84685421152134
BV10007846,bus,宋家庄枢纽站,116.42382670217194,39.84363304706744
BV10008151,bus,榴乡路,116.41569908462428,39.8456564298417
BV10012146,bus,光华桥西,116.45328756649609,39.91215092288312
BV11494442,bus,光华路口东,116.44581012685948,39.91207836584466
BV10012150,bus,日坛公园,116.43613802740734,39.91197085208942
BV11492337,bus,榴乡路南站,116.41540846675944,39.83997852625463
BV10008195,bus,彩虹城小区,116.40891248022886,39.83739209233183
BV11494389,bus,石榴园南,116.40872683995246,39.84128974587932
BV11494378,bus,景泰路口东,116.4084677652772,39.863918303069504
BV10006412,bus,正义路,116.39807638322452,39.89925636515427
BV10006777,bus,沙滩路口南,116.40016505610406,39.92138267376432
BV10008186,bus,亮果厂,116.39981219633276,39.92733337239799
BV10002827,bus,丽泽桥北,116.30626479305316,39.86974790854032
BV10010047,bus,北京供电局,116.38355259526556,39.89880381480823
BV10006413,bus,前门东,116.3955801334802,39.89908631672021
BV10006411,bus,台基厂路口西,116.40324303312032,39.899396351675954
BV10005406,bus,东四十条桥南,116.42805911168564,39.929902431355934
BV10618533,bus,钟楼北桥北,116.389172221074,39.95219721697176
BV10000439,bus,鼓楼外大街南站,116.3887974440506,39.95920905856424
BV10012036,bus,鼓楼外大街北站,116.38873929063875,39.960559024116925
BV10000791,bus,安贞医院北站,116.3940923803392,39.97548429472335
BV10420876,bus,地铁安贞门站,116.3990518481826,39.975520351257096
BV10322724,bus,丽泽桥,116.30583520837192,39.86581290009829
BV10001187,bus,马甸桥北,116.37443587514043,39.97124240523622
BV11493549,bus,德外关厢北,116.37334428563774,39.96150378806399
BV10001185,bus,德胜门外,116.37295002196244,39.95131056129263
BV10001543,bus,积水潭桥南,116.3660005972826,39.94496622210036
BV10000435,bus,新街口北,116.36611200753778,39.940523267417696
BV10000915,bus,金家村桥东,116.29087006997533,39.89556491353069
BV10000914,bus,莲花小区,116.29570512829083,39.89555213035528
BV10000104,bus,天宁寺桥西,116.33799684393284,39.89621461553299
BV10000917,bus,宣武门西,116.36733170676747,39.8983146259417
BV10416655,bus,南横街路口北,116.36809367248432,39.88273049642602
BV10000907,bus,开阳桥南,116.36785424177651,39.86502466647334
BV10000906,bus,万芳桥北,116.3661892114267,39.85952587932575
BV10000905,bus,万芳桥南,116.36504955640268,39.85380856235385
BV10000840,bus,嘉园二里东门,116.3649197245023,39.846089172142015
BV10000839,bus,嘉园二里南门,116.36235875225252,39.844562482209085
BV10000838,bus,嘉园三里北,116.35875766074244,39.84371438838112
BV10000837,bus,嘉园三里,116.35874901110778,39.84106656298277
BV10000904,bus,城南嘉园北,116.35874965074376,39.8360148796645
BV11494376,bus,东安门,116.40045125595944,39.912654089991946
BV10006497,bus,南河沿,116.40048879659862,39.90850527450441
BV10000124,bus,刘家窑桥西,116.41183672849672,39.85550184655439
BV10006699,bus,顺四条,116.42233022882432,39.85237674968546
BV10000742,bus,宋家庄,116.42226557214514,39.84888287776023
BV10000741,bus,地铁宋家庄站,116.4221049601369,39.84387899102676
BV10562774,bus,双庙北,116.4230319706846,39.83937035082702
BV10000749,bus,双庙,116.42453966524104,39.837367317132525
BV10008467,bus,沙子口东,116.39590760736124,39.864085020668334
BV10008468,bus,安乐林,116.4033206057046,39.86376111790537
BV11488967,bus,北京体育馆东,116.42524801562467,39.88345268031435
BV10011992,bus,幸福大街,116.42475165328116,39.88759485090981
BV10416614,bus,幸福大街北口,116.42258180183995,39.89034808343271
BV10427511,bus,南花市大街,116.42142949661552,39.89467856568748
BV10403017,bus,北花市大街,116.42125483011382,39.89788122591152
BV10623573,bus,北京世纪坛医院,116.31514949116672,39.89862388227176
BV10617739,bus,皇亭子,116.31515585131126,39.90359364823794
BV10000180,bus,月坛体育场,116.35056437218486,39.91528112962083
BV10000179,bus,阜成门南,116.35041026490195,39.91846624284374
BV10403239,bus,阜成门北,116.3499913160095,39.92445266918407
BV10322723,bus,西直门南,116.349577810724,39.93476791916715
BV10000175,bus,索家坟,116.35027799833516,39.94616833131126
BV10000189,bus,文慧桥北,116.34927327918524,39.9514997477992
BV10000190,bus,蓟门桥,116.34855776208616,39.96665331905676
BV10000172,bus,蓟门桥北,116.34835263141062,39.97087748831584
BV10000171,bus,塔院小区南门,116.35368486519825,39.975190825362
BV10000169,bus,牡丹园东,116.36782921914468,39.97530890870826
BV11494435,bus,健德门西,116.37184620612835,39.975333671987215
BV11493642,bus,健德门东,116.3786064051571,39.97535284401379
BV11548172,bus,安华桥北(北行),116.38830626939982,39.969705806359975
BV10000173,bus,明光桥南,116.3486919562418,39.95518255364888
BV10000174,bus,文慧桥南,116.34941225712934,39.94953059935856
BV10000178,bus,车公庄南,116.34956063057432,39.92858319773803
BV11316236,bus,九龙山路口西,116.4693669189934,39.89199983195925
BV10006298,bus,九龙花园,116.46292178218064,39.89212061185602
BV10006297,bus,双井桥东,116.45930187704468,39.89217036938577
BV10006310,bus,双井桥西,116.45218577203327,39.89223624784921
BV10006810,bus,垂杨柳,116.4477228884316,39.89229729875571
BV10006809,bus,马圈,116.44264525276556,39.89235479733782
BV10006632,bus,广渠门内,116.43137729839016,39.89239092249462
BV10006634,bus,安化楼,116.42750185447576,39.89234726353254
BV10006635,bus,培新街,116.42419413075784,39.89230993376941
BV10006808,bus,榄杆市,116.41628390248276,39.89193751586225
BV10006763,bus,过街楼,116.39334030425952,39.890285901065
BV10008065,bus,珠市口西,116.38957811816243,39.88936773684297
BV10006762,bus,板章路,116.38729197947146,39.88883453725323
BV10006761,bus,虎坊桥路口东,116.38056498143692,39.8880771025776
BV10006818,bus,海运仓,116.41951149421492,39.93590575703374
BV10006817,bus,东四九条,116.41953012467484,39.93115496682988
BV10006821,bus,东四六条,116.4197669610032,39.92717737430369
BV10006816,bus,演乐胡同,116.42006927491042,39.92019697881518
BV10006815,bus,禄米仓,116.42023288010026,39.91726727454992
BV10006814,bus,外交部街,116.42048487016989,39.91232075298723
BV10006822,bus,北京站口北,116.42071469917067,39.908414168842576
BV10006812,bus,北京站,116.42282228939048,39.90521669678984
BV11493617,bus,地铁成寿寺站,116.44033029145024,39.84585774834408
BV11493616,bus,成寿寺,116.43964409231708,39.84998321539685
BV10000228,bus,方庄桥东,116.43802023087837,39.85772579403309
BV10011991,bus,安乐林路东口,116.413441244941,39.86406454555197
BV11486521,bus,沙子口西,116.3922697726246,39.863998379700334
BV11486523,bus,革新里,116.38813782902238,39.86390347723378
BV11486524,bus,西革新里,116.38418167754786,39.86387019572532
BV09361487,bus,禄长街,116.38513919191308,39.87930092595994
BV09361521,bus,南纬路西口,116.38260167706846,39.87928026593891
BV10006826,bus,成寿寺路北口,116.43890551563167,39.85627948745305
BV10001018,bus,成府路口南,116.34695509528756,39.98923406496923
BV10001592,bus,北京城市学院,116.33961498344534,39.98552301155561
BV10001593,bus,保福寺桥西,116.32501897449082,39.98487140147291
BV10000387,bus,中关村一街,116.3162950474916,39.98459917107939
BV10000390,bus,中关村西,116.3081882143007,39.984359459984965
BV10006839,bus,北京市地震局,116.2998535671226,39.97829168156204
BV10006838,bus,人民大学西门,116.3005531241118,39.97050877726621
BV10002790,bus,万泉庄,116.30102679359798,39.965432150726016
BV10005886,bus,三义庙,116.30685486692144,39.96250679702349
BV10000206,bus,四通桥西,116.31124402210985,39.96411057852448
BV10008308,bus,四通桥南,116.31555330562212,39.96424140943344
BV10000256,bus,中国农业科学院,116.31657259637252,39.95940865423107
BV10000254,bus,魏公村,116.31757725714272,39.95185303011449
BV10006837,bus,大慧寺,116.3242381063222,39.95062827501126
BV10008285,bus,海淀桥东,116.30413899966548,39.98378587730569
BV10006851,bus,安定门外,116.40067552639984,39.95027660644933
BV10006850,bus,地兴居,116.39341866151308,39.95013437513497
BV10006849,bus,六铺炕,116.3863765560655,39.95010432432037
BV10006848,bus,后九条,116.382304844287,39.950048395396
BV10006847,bus,安德路西口,116.3759870256962,39.950008907855214
BV10000344,bus,德胜门西,116.36791465343492,39.94752191732153
BV10000436,bus,新街口豁口,116.3637975284135,39.94703182153537
BV10005404,bus,玉桃园,116.35363698261334,39.94356115685211
BV10012052,bus,四道口北,116.31942446123576,39.932564255353626
BV10001599,bus,花园桥东,116.3069615848868,39.93111985192916
BV10001598,bus,花园桥南,116.30382065692788,39.92824367416127
BV10001597,bus,航天桥北,116.30381716074017,39.92429084256238
BV10006296,bus,双花园,116.45511906368576,39.89697391024648
BV10012001,bus,双井桥,116.4549693929301,39.89068484035498
BV10006193,bus,双井桥南,116.4549065531774,39.887870821938655
BV10007233,bus,劲松桥北,116.4548817286389,39.885866857464585
BV10006238,bus,劲松桥南,116.45477320373236,39.87943090980371
BV10006239,bus,潘家园桥,116.45472665546144,39.87469703445274
BV10000191,bus,十里河桥北,116.45438052974126,39.86725759593793
BV10006185,bus,十里河桥东,116.45539718937258,39.86300524353437
BV11493637,bus,周家庄西站,116.46255673517786,39.85880834032121
BV10006259,bus,周家庄,116.46623228807849,39.85787206734422
BV10006852,bus,西大望南路南口,116.47097573626652,39.85888792846631
BV11432321,bus,西大望南路,116.47128956437084,39.86119167238663
BV10427606,bus,弘燕公交场站,116.47120987822552,39.86442127732486
BV10000192,bus,华威桥南,116.45509751995408,39.868933213009534
BV10000194,bus,双井桥北,116.4555678857951,39.8935201420421
BV10933437,bus,周家庄中路,116.4740366067348,39.85966144553664
BV10006242,bus,小武基桥北,116.48163639328668,39.860925231086185
BV10006241,bus,弘燕桥西,116.47725146843212,39.8664922297596
BV10000851,bus,双龙小区,116.47584613770792,39.86800713097549
BV10006305,bus,北京工业大学南门,116.47421494074138,39.87018538900299
BV10006222,bus,松榆东里南门,116.46890102270272,39.87007462621677
BV11687426,bus,武圣路南口,116.46161011084064,39.870672268430496
BV11687243,bus,武圣路,116.46161385745344,39.87279416944222
BV10006272,bus,武圣东里,116.461614207889,39.87798890978328
BV10006302,bus,农光东里,116.46163878654971,39.88199977660223
BV10006271,bus,劲松桥东,116.4576808198578,39.88313676785043
BV10006854,bus,劲松中街,116.44708124697686,39.88323234925964
BV10005409,bus,光明桥东,116.44330410059364,39.8832905346594
BV10006221,bus,松榆里,116.4626887771388,39.86997908600063
BV10006274,bus,四方桥西,116.4775100008904,39.869844797063855
BV11494369,bus,弘燕桥北,116.48166660659145,39.86816993296992
BV10001933,bus,东直门外,116.43570788080956,39.944936771945855
BV10000103,bus,小马厂,116.32863688929648,39.89613812467178
BV10005971,bus,嘉园二里西门,116.35882415634671,39.84681310858433
BV11218280,bus,白纸坊桥西,116.34178518064029,39.87626576415522
BV10007639,bus,莲花晴园,116.3326862197937,39.8760564183401
BV10007637,bus,红莲南里,116.32915824818843,39.875935099511125
BV10372895,bus,红莲南路,116.32381352815504,39.87580634208378
BV10007636,bus,红莲南路西口,116.3213392232386,39.87576910401077
BV11266848,bus,马连道,116.32052765396774,39.87921249292821
BV10007456,bus,马连道南口,116.3206177924965,39.876468456580014
BV10000648,bus,百子湾桥东,116.48500022527936,39.89940722156752
BV10007544,bus,大郊亭桥南,116.48341241892336,39.890062970989696
BV11493628,bus,窑洼湖桥北,116.48337071640869,39.88640801991984
BV10006287,bus,工大桥,116.4832255595573,39.87523313815474
BV11493607,bus,弘燕桥北(南行),116.48166660659145,39.86816993296992
BV10427192,bus,弘燕桥北(北行),116.4830599254658,39.86728405989293
BV10012061,bus,六里屯,116.46845800615728,39.92978873530232
BV10012062,bus,朝阳体育馆,116.46442522164185,39.92898296715908
BV10007010,bus,茂林居,116.3242682190902,39.90960789586089
BV10007008,bus,玉渊潭南门,116.3131436108726,39.9098071996542
BV10007007,bus,柳林馆,116.30784831487706,39.909995100731095
BV10007006,bus,普惠南里,116.30207339774536,39.91159448509545
BV10007005,bus,翠微东里,116.29495154059153,39.91173166054881
BV10007004,bus,翠微南里,116.29069935607504,39.911696466531104
BV10007003,bus,万寿路口北,116.28884005597908,39.90804447291
BV10000098,bus,公主坟西,116.30139853905268,39.9056269348426
BV10003020,bus,远大路东口,116.2833429604836,39.9561384392436
BV10007080,bus,麦钟桥,116.288751748033,39.95167582126095
BV10007079,bus,正福寺,116.28213028276116,39.94415855575081
BV10007078,bus,彰化村,116.28535671123318,39.94097022589385
BV10417905,bus,彰化路东口,116.28846657442934,39.94097967492325
BV10006843,bus,五路,116.28972092677606,39.936869936927465
BV10006844,bus,慈寿寺桥,116.2902277979576,39.93080640223372
BV10007049,bus,八宝庄,116.29034291696084,39.9202446581696
BV10007050,bus,翠微西里,116.28942993070582,39.91690719938242
BV10007075,bus,翠微中里,116.28881728702568,39.91450723024281
BV10007057,bus,八里庄桥,116.291531693403,39.92109276937845
BV10007076,bus,善家坟,116.29039118908624,39.94135672592808
BV10007077,bus,车道沟桥,116.28980966706044,39.94569344910142
BV10326897,bus,黄庄东站,116.27719453164887,39.94893562258595
BV10007040,bus,黄庄,116.2716716204244,39.95215562621815
BV10003034,bus,远大路,116.2759332772452,39.95573183763655
BV10006907,bus,祁家坟,116.47951371420528,39.875315301309335
BV10006908,bus,潘道庙,116.47607370763826,39.87813226545119
BV10006180,bus,北京工业大学,116.471150172498,39.876393494237455
BV10006181,bus,松榆东里东门,116.47112350301045,39.87298459191708
BV11687381,bus,潘家园桥东,116.458997060692,39.87489943712639
BV11687380,bus,潘家园桥西,116.45298233150444,39.87491192268583
BV11687422,bus,华威西里,116.44813925044863,39.87486903713332
BV10005394,bus,潘家园路西口,116.44148450326269,39.87489236613381
BV11687423,bus,潘家园东路北口,116.444716354383,39.879038603752605
BV10006240,bus,京体游泳馆,116.46735464823035,39.8699704345273
BV10418274,bus,北京工业大学南站,116.47127431319124,39.87078912246558
BV10006177,bus,珠江帝景,116.47129687727212,39.890952202073365
BV10006178,bus,平乐园北,116.4711911368476,39.88585914739438
BV10007474,bus,平乐园,116.4668161398882,39.88314132794775
BV10007476,bus,南磨房,116.46340653104836,39.88313829669018
BV10425095,bus,福长街北口,116.3889469560042,39.884294169933526
BV11494437,bus,华威路南口,116.44980640189674,39.87162086468423
BV10006591,bus,永定门东街,116.4019910303667,39.8716013321912
BV11494467,bus,广和东街,116.44470893999475,39.88216843579784
BV10005410,bus,劲松南路,116.44543612241986,39.880312027179976
BV10007272,bus,华威路北口,116.44995386906352,39.879232811150096
BV11494382,bus,东架松,116.449880070535,39.87594080995225
BV10007353,bus,辟才胡同东口,116.36593073922694,39.91324460036145
BV10596390,bus,二龙路北口,116.35918517457262,39.9127643105141
BV10007352,bus,辟才胡同,116.35693518340632,39.911308563417066
BV10007350,bus,太平桥,116.35693839912416,39.90956863359341
BV11372569,bus,六里桥东公交场站,116.31000752997572,39.88650015457026
BV10007704,bus,辟才胡同西口,116.35809502156197,39.91264084449139
BV10006692,bus,后库,116.37381339656235,39.92532479981422
BV11494475,bus,顶秀欣园,116.42204590086334,39.83574142863822
BV10007394,bus,刘家窑桥北,116.41585170838688,39.85791585517441
BV10006503,bus,北京站口西,116.41882824878496,39.90690626010781
BV10000220,bus,玉泉营桥西,116.33238049359272,39.84766754634603
BV10000218,bus,夏家胡同,116.32043573531422,39.84845433418726
BV10000211,bus,航天桥,116.30417060248644,39.9227962687518
BV10000209,bus,紫竹桥,116.30415041850836,39.9405195860545
BV10000204,bus,马甸桥东,116.37733261886352,39.966778154880345
BV10000203,bus,安贞桥西,116.39517641945692,39.967256543988896
BV11493641,bus,三元桥南,116.45030533478013,39.955007375407405
BV10000195,bus,亮马桥,116.45551343225422,39.943476920567264
BV10000193,bus,潘家园桥北,116.4549329808375,39.877154402632456
BV10000226,bus,刘家窑桥,116.41549251504912,39.85612664457669
BV10000223,bus,洋桥西,116.3768432258274,39.85575149348224
BV10000225,bus,木樨园桥,116.3933056922737,39.85584766889213
BV10000224,bus,木樨园桥西,116.38668543828472,39.85583547668372
BV10000207,bus,万寿寺,116.30389425216214,39.94614682270751
BV10000205,bus,蓟门桥西,116.34310796376111,39.96625059187775
BV10000230,bus,安华桥西,116.3838427252846,39.96692986711159
BV10001015,bus,大钟寺,116.3304229159864,39.9664478247096
BV10334030,bus,十里河桥西,116.45151918144468,39.86533704930821
BV10006387,bus,朝阳公园桥东,116.4863542135718,39.93255483236459
BV10418243,bus,朝阳公园南门,116.4768236732372,39.93251602341917
BV10698672,bus,四通桥东,116.31748866771716,39.96604563676119
BV10000257,bus,人民大学,116.31428571321858,39.96792567661631
BV10000259,bus,海淀黄庄南,116.31255108275026,39.97218079361138
BV10000260,bus,海淀黄庄北,116.31101798246316,39.97634651280636
BV10000261,bus,中关村南,116.31047942080032,39.98235727773018
BV10001211,bus,海淀南路西口,116.29732712873223,39.974122178409466
BV10003016,bus,巴沟村,116.29212010897407,39.97312275616386
BV10001210,bus,万泉河桥南,116.2949523304739,39.97719301592983
BV10012053,bus,芙蓉里小区,116.29556664448856,39.98924150712516
BV10001241,bus,海淀桥北,116.2989932197406,39.986882816004574
BV10011995,bus,海淀路西口,116.3021659766136,39.98504235000922
BV10011996,bus,海淀路东口,116.30638702421857,39.98515974049352
BV10006489,bus,长虹桥东,116.4571148443413,39.93234924308535
BV10000263,bus,中关园,116.3099458425676,39.988382026599
BV10001212,bus,海淀南路,116.30349053538292,39.974506419232014
BV10006894,bus,西翠路口西,116.27541399254284,39.898993776354125
BV10006893,bus,西翠路口东,116.28122824154448,39.89900763591711
BV10006892,bus,太平路东口,116.28783788772408,39.89900237385892
BV10006897,bus,万寿路口东,116.2905253558632,39.90616597568663
BV10006891,bus,万寿路口南,116.28883450208858,39.90455163381856
BV10000273,bus,岳各庄桥东,116.2730978338318,39.87378253892994
BV10008234,bus,大运村公交场站,116.33497744948072,39.97574089927527
BV10008233,bus,大运村路北口,116.33455252657042,39.98262440911461
BV10008232,bus,展春园西路南口,116.33445616553854,39.98716840103579
BV10414139,bus,地铁大钟寺站,116.33843796456742,39.96650791046243
BV10007322,bus,志新桥西,116.35985671300446,39.98614441983016
BV10006282,bus,学院桥东,116.35042565705348,39.98586850335363
BV10007323,bus,健翔桥西,116.36926001331676,39.985810908731686
BV10000262,bus,中关村北,116.3099899929302,39.986416025776485
BV10001216,bus,知春里东站,116.32257985323518,39.97492149680522
BV10001240,bus,红民村,116.32621357257808,39.96633385915066
BV10002789,bus,为公桥,116.30302214552364,39.95361508835749
BV10007286,bus,紫竹桥北,116.30362916074398,39.94336140929247
BV10000140,bus,航天桥南,116.30383058036122,39.92072396618627
BV10006967,bus,八一湖,116.30390547637492,39.91232918559656
BV11443795,bus,公主坟北,116.30388600574592,39.90843838805824
BV10000639,bus,丽泽桥西,116.30277463714208,39.8661463974421
BV10420878,bus,地铁西局站,116.29666002572492,39.86565001095566
BV10007053,bus,东大街北口,116.28786658869814,39.86095421502062
BV10007056,bus,北大街,116.2795467161168,39.858099843345535
BV10007175,bus,富丰桥西,116.27958954006697,39.83492517679843
BV10006968,bus,玉渊潭西门,116.30435986913082,39.91748414921873
BV10006969,bus,双榆树小区,116.31811155767257,39.97147122566121
BV10006970,bus,知春里路口南,116.31905012002824,39.97374133280772
BV10001214,bus,知春里,116.32057347077108,39.9749293567076
BV10000357,bus,木樨园,116.39260659628032,39.857175696823205
BV10007018,bus,花园路,116.35943907223844,39.97304752694493
BV10007017,bus,塔院,116.35945621507368,39.97954224075546
BV10007016,bus,北医三院,116.35235668599871,39.98028867282392
BV10001017,bus,北京航空航天大学,116.34760477854232,39.98144830047442
BV10007015,bus,花园北路西口,116.3487756234752,39.9800614212019
BV10000705,bus,复兴门南,116.35053903891853,39.90254472159963
BV10000704,bus,北京儿童医院,116.35050019621605,39.9097694679825
BV10000701,bus,车公庄北,116.3498126132646,39.932716621099615
BV10001594,bus,西直门,116.34909337633366,39.937791587141945
BV10334338,bus,新苑街,116.32496245591348,39.93467152003727
BV10007042,bus,板井路东口,116.28161558241688,39.94782209533731
BV10007142,bus,前泥洼,116.29707234628464,39.85666281015593
BV10008783,bus,丰管路,116.2946669666139,39.85665980940232
BV10007054,bus,东大街,116.28794000514505,39.85662434632181
BV09295652,bus,丰台路口,116.27427893259434,39.87017844065343
BV11500347,bus,公主坟西(东行),116.30218300462056,39.90494557940521
BV11500348,bus,公主坟西(西行),116.30134851636974,39.906627979082245
BV10007052,bus,翠微路,116.29612266684768,39.90879784705834
BV10007051,bus,罗道庄,116.2956668261053,39.91452635991764
BV10007048,bus,恩济东街南口,116.28226363265269,39.92376919958188
BV10007047,bus,恩济东街,116.28249793650151,39.92654677050946
BV10007046,bus,恩济东街北口,116.28250956121263,39.929411638011125
BV10007045,bus,地铁海淀五路居站,116.27472776518852,39.93149617443273
BV11675142,bus,丰管路西口,116.28882754350148,39.85625903617379
BV10007745,bus,定慧寺西,116.27659951630544,39.9231033671364
BV10002628,bus,丰台体育中心,116.27545691216076,39.867092278604034
BV10898760,bus,大红门,116.39281922705104,39.836294909090114
BV10008203,bus,建欣苑,116.39084020585818,39.83903812236646
BV11494398,bus,建欣苑北,116.39065577755753,39.84273093863152
BV10416656,bus,鑫福里小区,116.3871077752504,39.8439050042206
BV09243503,bus,福海小区,116.38307089160104,39.843817939265406
BV10001247,bus,北京南站南广场,116.37341090287867,39.86195812433512
BV10007103,bus,积水潭桥北,116.36546863121704,39.95060963183997
BV10007123,bus,平乐园小区,116.47492593128491,39.88291976667326
BV10006924,bus,丰台医院,116.27221833162967,39.84537203818086
BV10006925,bus,东安街头条,116.27394805172857,39.84818102406609
BV10007141,bus,西管头,116.30236667246422,39.85666664164843
BV10007140,bus,丰益桥西,116.30765242545117,39.85672906675204
BV10001225,bus,呼家楼东,116.45733344409346,39.91717039763559
BV10006359,bus,看丹桥东,116.28218523330536,39.83967249536695
BV10006360,bus,韩庄子北,116.28821357062188,39.84036190004189
BV09015066,bus,造甲村北,116.29036173470617,39.84137557036925
BV09089317,bus,万华街西口,116.2911440097329,39.844085188103925
BV09089319,bus,万华街,116.2960158138908,39.84530024247759
BV09089318,bus,万芳西街,116.30455533353116,39.846667303313325
BV10007156,bus,樊家村,116.3096043902827,39.846879019100605
BV10561635,bus,万芳园一区,116.31456746732646,39.8456367400029
BV10561632,bus,地铁首经贸站,116.31391523813744,39.84325012422914
BV11212014,bus,万芳路南口,116.3106482373192,39.84566214142001
BV10322828,bus,小红门桥北,116.4527367148768,39.83414266968493
BV10007168,bus,龙爪树南里,116.45112214068465,39.84045757144417
BV10007167,bus,龙爪树,116.4501689709782,39.843601233345545
BV10007165,bus,分钟寺,116.44763282209394,39.85111722327229
BV10007164,bus,周家庄路西口,116.4442167859045,39.85716772786896
BV10007163,bus,分钟寺桥西,116.44006017881628,39.85734757595145
BV10006363,bus,四合庄,116.304607492503,39.83652383538125
BV10938666,bus,新村,116.30091890724698,39.83865726619028
BV10008401,bus,造甲村东,116.29559024898926,39.84034625289787
BV10007160,bus,造甲村,116.2910964630837,39.84113044357967
BV10006280,bus,富丰桥南,116.28106560989193,39.83370635633525
BV10002627,bus,岳各庄桥北,116.27180593770224,39.876227768445794
BV10002195,bus,大山桥西,116.4799615122759,39.98656893160385
BV10007403,bus,西八间房,116.47592613715972,39.98254148025814
BV11493613,bus,京密路丽都饭店,116.47035169757076,39.977463040111736
BV10007900,bus,地铁三元桥站,116.4523375375466,39.96117475263788
BV10405729,bus,三元桥,116.44864713365432,39.95851856700111
BV10000988,bus,三元桥东站,116.45275977194042,39.96140171969647
BV10002225,bus,大山桥东,116.4828430233234,39.9885602605544
BV10791095,bus,西直门公交场站,116.34744779729216,39.936618352421306
BV10007534,bus,长春桥,116.28947885028062,39.9568135149326
BV10007248,bus,蓝靛厂中路,116.27789013078488,39.96089131138553
BV10007247,bus,空军指挥学院南门,116.27464766397162,39.965108928814566
BV10000427,bus,望京桥西,116.44592865057965,39.98168182735661
BV10000426,bus,望和桥东,116.44111869596672,39.984679041408405
BV10000425,bus,育慧里,116.42397360858416,39.98793274032971
BV10006484,bus,樱花园西街,116.41321299588834,39.97410560532256
BV10012078,bus,榆树馆西里,116.34115398404866,39.93578224891863
BV10007186,bus,长春桥路,116.29839487677592,39.959332952464514
BV10007185,bus,长春桥东,116.29273888432408,39.95792537573144
BV10420722,bus,苏州桥南,116.30278703991686,39.95836331949522
BV10000466,bus,太阳宫桥,116.42563995113768,39.96794565505677
BV10000229,bus,十里河桥南,116.45124855214976,39.86401050437442
BV10007800,bus,欣园小区东,116.35450197720618,39.84457253321618
BV10007801,bus,欣园小区北,116.35319823730312,39.84558846268449
BV11494392,bus,草桥东路北口,116.35310669004382,39.85124426948844
BV10000110,bus,沙沟路口东,116.27840027167338,39.90627891124078
BV10007290,bus,六郎庄西口,116.27416432378745,39.98037885293635
BV10007289,bus,柳浪游泳场,116.27553922945624,39.97599948509754
BV10002925,bus,六郎庄,116.28424679431912,39.97827630643543
BV11492198,bus,万泉河桥东,116.29587680772174,39.98320024200345
BV10007291,bus,颐和园新建宫门,116.2747875865908,39.98839783046881
BV11497079,bus,北京北站,116.3488804649354,39.94039383154588
BV10335590,bus,高梁桥,116.34353583277031,39.94447170987643
BV10346323,bus,交大东路,116.34236078074032,39.948635600943526
BV10420887,bus,北京交通大学东门,116.34128657267571,39.95253934557541
BV10008310,bus,交大东路北口,116.34049791613892,39.95529264220773
BV10007338,bus,学知桥北,116.34800058815672,39.976723835097424
BV10006861,bus,学知桥南,116.34667771565348,39.97306619249318
BV10000728,bus,城南嘉园,116.35874584478653,39.83453497995029
BV10000729,bus,地铁公益西桥站,116.36340456152703,39.83349183757109
BV11496568,bus,劲松南路东口,116.4508814361685,39.88023684344948
BV10006260,bus,周家庄南站,116.47074843848456,39.854808527100936
BV10006261,bus,十八里店乡政府,116.47588956853504,39.84974426252101
BV10006243,bus,十八里店,116.48354685815126,39.84222090903423
BV10000158,bus,安慧桥东,116.40948682121704,39.98751455733511
BV10412963,bus,玉泉营桥南,116.33949409539817,39.84469759797727
BV10000616,bus,马家楼桥北,116.33938261860634,39.83455343303696
BV10001135,bus,八王坟东,116.47437094735196,39.906746110210925
BV10000386,bus,中关村东,116.3127750827586,39.98404588839252
BV10007326,bus,亚运村,116.3965979488684,39.98720771149095
BV11494462,bus,北辰西桥,116.38198836133505,39.98677111405755
BV10007324,bus,健翔桥东,116.37671964355552,39.98664583896219
BV10006863,bus,学知桥西,116.34619741937068,39.97521091684848
BV10001217,bus,知春路,116.33829817615872,39.9751238190771
BV11495214,bus,地铁知春路站,116.33338509162984,39.97520389062025
BV10006864,bus,海淀黄庄西,116.30860552493463,39.97464908257114
BV10001213,bus,海淀黄庄东,116.31323522612736,39.97471339758563
BV11494335,bus,白塔庵东,116.32963860876104,39.97509896675536
BV11338743,bus,学院桥,116.34857035764826,39.98533754215399
BV10000044,bus,西便门,116.34990097827853,39.89700399803683
BV10007373,bus,槐柏树街西口,116.34678550314904,39.89432026185813
BV10007372,bus,核桃园,116.34689464360063,39.8914732102218
BV10007371,bus,北线阁,116.34696871633771,39.88972016789443
BV10007370,bus,南线阁,116.34712784903878,39.8861430706514
BV11494452,bus,南线阁街南口,116.34726590284752,39.88352696552045
BV10005994,bus,建功北里,116.34748100834705,39.87928681396246
BV10007368,bus,游泳场北路东口,116.28771573244688,39.853812839096975
BV10007055,bus,东大街南口,116.2880416351756,39.85019756362299
BV11496570,bus,正阳大街,116.2829271370732,39.84760501145074
BV10420882,bus,正阳桥东,116.27960508932674,39.84641644428453
BV10000640,bus,丰益桥北,116.310434239365,39.85739786039716
BV10000613,bus,丽泽桥南,116.3070529448796,39.86295382597801
BV10000804,bus,燕莎桥南,116.45587531432471,39.94540271528832
BV10000467,bus,燕莎桥东,116.45948130164308,39.94913044489443
BV10000468,bus,安家楼,116.4672309987536,39.95162954763132
BV11493569,bus,东风北桥东,116.48415577645196,39.95788834284493
BV10002583,bus,酒仙桥商场,116.48695811687674,39.95973355015646
BV10001930,bus,酒仙桥中心小学,116.48688039451824,39.96317818463212
BV10001929,bus,酒仙桥,116.48387459107468,39.96694615944834
BV10007425,bus,将台路口西,116.4825971700911,39.97197620926697
BV10007423,bus,高家园,116.4785447519548,39.97463331177453
BV10000431,bus,丽都饭店,116.47372372689576,39.97778542939528
BV10007413,bus,望京医院,116.46736665882216,39.98199771183291
BV10000598,bus,花家地北里,116.463716876208,39.98433491373982
BV10008415,bus,花家地北里西站,116.4605109577012,39.98644556275727
BV10008416,bus,平安里路口西,116.3657307212552,39.9312980898211
BV10000109,bus,公主坟东,116.3056527030188,39.904847349779374
BV11497552,bus,枣林前街路口南,116.3528613972666,39.880796071518446
BV10000132,bus,半步桥,116.36261523834928,39.8769853668385
BV10000131,bus,自新路口东,116.36989606202002,39.87722681430361
BV10000130,bus,陶然亭公园北门,116.37750286594574,39.87741282241283
BV11493609,bus,陶然亭路东口,116.37880171765444,39.87757983578175
BV10008244,bus,五路(北行),116.2908948272141,39.93711711345198
BV10007432,bus,善家坟(北行),116.29039118908624,39.94135672592808
BV10007433,bus,车道沟桥(北行),116.28980966706044,39.94569344910142
BV10007434,bus,车道沟桥(南行),116.28887525839828,39.94590886318684
BV10007435,bus,善家坟(南行),116.28927311374449,39.94158843174287
BV10007477,bus,正义路南口,116.40078874209968,39.901843622941385
BV10475542,bus,东四十条桥,116.42662817733206,39.9325783586922
BV11259518,bus,广外甘石桥(西行),116.32850114978086,39.88861473280335
BV10006625,bus,横七条,116.4174663708065,39.85253262625734
BV10006624,bus,五间楼,116.41742358021072,39.85045370599454
BV10012101,bus,贾家花园,116.41099245096564,39.85150250571886
BV10001937,bus,鼓楼桥西,116.38446985279514,39.947487312585714
BV11494425,bus,白塔寺南,116.35836349944957,39.92102811190527
BV11494404,bus,武定侯街,116.35487010088626,39.91711336346805
BV11494390,bus,广莲路,116.32283571122512,39.89220242935746
BV10007643,bus,手帕口南街,116.33664722713443,39.88506260836882
BV10007642,bus,广安门货站,116.3358932321748,39.88242212591679
BV10007641,bus,广安门车站西街,116.33555424092263,39.88040485162485
BV11494403,bus,京铁和园,116.33572815766622,39.87800364887394
BV10007457,bus,高楼村,116.32016726667746,39.872973500456766
BV11377716,bus,三路居公交场站,116.32673729467488,39.87194792652146
BV10007705,bus,大木仓胡同,116.36267987796352,39.91048073556805
BV10007454,bus,湾子路口南,116.32025228962048,39.88712563814111
BV10007455,bus,马连道西里,116.3203523965975,39.88445157378659
BV10409304,bus,小马厂(东行),116.32869879973865,39.895726025463794
BV10007738,bus,丰盛胡同,116.3585059208487,39.91582912912577
BV10007737,bus,报子胡同,116.36056720573391,39.926168860460045
BV10007736,bus,祖家街,116.36171992837492,39.9296421841908
BV10007735,bus,宝产胡同,116.36210477455708,39.93397450520992
BV11494418,bus,赵登禹路北口,116.36230296620818,39.93790208977661
BV10007739,bus,花园路北口,116.3593069455141,39.98359028149089
BV10006747,bus,煤市街南口,116.38872228727423,39.89011696628948
BV10007154,bus,菜户营桥南,116.34181657831064,39.8646953100744
BV10007440,bus,玉泉营桥,116.3394544941932,39.85013434564709
BV10344880,bus,夏家胡同(西行),116.3220869797206,39.84815917497775
BV09079663,bus,地铁东管头南站,116.3187086765526,39.856540186113605
BV09079693,bus,金中都南街西,116.3165034009848,39.858990275062816
BV10000614,bus,丰益桥南,116.31137436885618,39.85567719394594
BV10344881,bus,夏家胡同(东行),116.31994986486109,39.8483352754762
BV10006085,bus,纪家庙,116.31743883643486,39.846524203455004
BV10007791,bus,樊家村公交场站,116.30478227912404,39.84325709934831
BV10002924,bus,火器营桥西,116.27452802994192,39.97131581513404
BV10000428,bus,望京桥东,116.45333161601285,39.97627946122832
BV11493612,bus,东风北桥,116.48195181841292,39.955419971282616
BV10006257,bus,大山庄,116.48350821262645,39.94287202698354
BV10006284,bus,朝阳公园桥南,116.48346253826789,39.93084137092014
BV10006285,bus,红领巾桥北,116.48349148399376,39.92411172837712
BV10007585,bus,红领巾桥南,116.48344898208404,39.91882382088562
BV11493626,bus,慈云寺桥南,116.4835582114412,39.912232417906296
BV10007586,bus,四惠桥,116.48309152081676,39.90370641380203
BV10006289,bus,小武基桥南,116.47977940715796,39.85351823644736
BV10006290,bus,十八里店北桥,116.47799068309942,39.84640347976177
BV10000114,bus,十八里店南桥,116.4648763335987,39.836441732019445
BV11495693,bus,十八里店南桥东,116.46787248264806,39.837629677491904
BV10006228,bus,朝阳公园桥北,116.48415577549186,39.93379029198413
BV10573456,bus,酒仙桥南,116.48536856705036,39.96412867450746
BV10001928,bus,将台路口北,116.48379063050596,39.97212270767216
BV10001922,bus,陈各庄,116.48377724973405,39.97477456279017
BV10001921,bus,王爷坟,116.4837152938546,39.9805751479059
BV10001920,bus,大山子路口南,116.48359121272848,39.98550658285321
BV10007404,bus,四元桥东,116.46745785168947,39.97501723857188
BV10006671,bus,四元桥西,116.4559651921894,39.96447018385033
BV11496571,bus,北工大路西口,116.47205216834864,39.87815591506446
BV10006179,bus,北京工业大学北站,116.47130727371729,39.8800607489468
BV10007449,bus,安家楼东,116.47313463218028,39.95356872844157
BV10007407,bus,朝阳公园北门,116.4784718934127,39.955326862306144
BV10001919,bus,大山子路口东,116.48690656552492,39.98670332165428
BV10007412,bus,三元东桥西,116.45187635313223,39.95176606193314
BV11493606,bus,新源街,116.4492832624274,39.94809137353539
BV10002584,bus,新源南路西口,116.44569445906396,39.94654972766671
BV11493610,bus,新源南路,116.44864359335875,39.94688301574736
BV10007410,bus,燕莎桥北,116.45588785718112,39.94934259076311
BV10000597,bus,花家地南里,116.46415081136426,39.98059920308408
BV10006673,bus,法制日报社,116.46418845193544,39.97651646610581
BV11494459,bus,地铁望京南站,116.47432503426282,39.98472984550632
BV10006672,bus,阜通东大街,116.47052825751548,39.9859641831896
BV10007418,bus,三元庵,116.45584702246568,39.954959272137145
BV10007417,bus,霞光里,116.45891137707684,39.95774868051989
BV10000802,bus,五里沟,116.46251478002516,39.9609977148057
BV10000801,bus,肖君庙,116.46707169358068,39.96560757017264
BV10007415,bus,芳园里,116.4743577830419,39.97170646136236
BV11494429,bus,高家园社区,116.4791357648933,39.97602696432095
BV10006237,bus,光华桥南,116.45540915641276,39.91131897755705
BV10008202,bus,东直门北小街北口,116.41924384213549,39.94598208195899
BV10008201,bus,东直门北小街南口,116.41933646539653,39.94208733082853
BV10418265,bus,阜通东大街西口,116.45918893194867,39.976336639815
BV11537706,bus,阜成门内公交场站,116.35107545442185,39.92264500506762
BV10007448,bus,燕莎桥西,116.45331116511504,39.947655541612086
BV10012138,bus,自新路口西,116.36587042395747,39.87710633172751
BV10007452,bus,玉渊潭南路,116.29747466544552,39.91174444810254
BV10420864,bus,恩济西街南站,116.2788094436532,39.92453463335304
BV10007450,bus,恩济西街,116.27879179698655,39.92990643589993
BV10006783,bus,南樱桃园路口东,116.35926660215875,39.87688084914303
BV10000803,bus,天泽路,116.46182811137464,39.956116134857645
BV10416605,bus,四得公园,116.4722522460833,39.97127356166978
BV10416610,bus,四得公园北,116.4713457799574,39.973077966036506
BV11493633,bus,景园北站,116.46869091895316,39.93699208166291
BV10000471,bus,朝阳公园西门,116.46852202023756,39.93944852420574
BV11493618,bus,枣营,116.46824563319127,39.94281163976744
BV11493630,bus,枣营北站,116.4666083568498,39.94755603309997
BV11493634,bus,安家楼西,116.4645137754555,39.95087133314859
BV10000464,bus,国家体育场东,116.39383272538326,39.9885187893868
BV10007492,bus,大观园西门,116.34787836189469,39.870224612691295
BV11494440,bus,南菜园路口南,116.34756330073058,39.87567885717185
BV10009122,bus,地铁巴沟站,116.28424249695772,39.972719536394
BV10402474,bus,火器营桥,116.27802540024814,39.973303652618505
BV10007539,bus,空军指挥学院,116.2810938129344,39.96803198189893
BV10007537,bus,火器营,116.2831720941531,39.96514231655027
BV10007536,bus,蓝靛厂,116.2865094319866,39.96025580333171
BV11365075,bus,五福路北口,116.2808276236489,39.940615415656936
BV10423399,bus,彰化路,116.27489152142172,39.93990065334806
BV10009094,bus,金庄,116.2743001078967,39.94080527711572
BV10608476,bus,惠新西桥,116.41069789913324,39.98721031521592
BV10919773,bus,地铁草桥站,116.34204363571892,39.84461505405203
BV10007866,bus,欣园小区西,116.3503697313516,39.8444689871312
BV10008218,bus,沙沟路口北,116.27727724088948,39.91034609895592
BV10007533,bus,北洼路北口,116.29938441430365,39.93928504752786
BV11494470,bus,北洼西里,116.2982500724702,39.93616612048196
BV10007531,bus,七贤村路口北,116.29648295175949,39.9328832412448
BV10007530,bus,首都师范大学北门,116.29825970000634,39.93101131210823
BV10408016,bus,弘善家园西站,116.44474576034617,39.86850619754985
BV09302489,bus,华威南路(临时站),116.44683422328852,39.87006847959682
BV10000847,bus,首都图书馆,116.45659805581042,39.86996877536486
BV10006182,bus,南新园,116.47113505025092,39.86892683250609
BV10000850,bus,弘燕路小区,116.47234466384496,39.86653532442083
BV10006244,bus,十八里店南站,116.48603751821436,39.83983040164562
BV10427201,bus,弘善家园,116.44667024348315,39.86632532710848
BV11502512,bus,弘善家园公交场站,116.44317450700947,39.86947096581425
BV10000798,bus,将台路口东站,116.48495619689938,39.97067919870789
BV10006255,bus,望花路东里,116.46830611197464,39.98851898975079
BV10006270,bus,万红西街,116.48012485043826,39.98071564404666
BV10008317,bus,霄云桥,116.46924725610997,39.96584246709964
BV10007584,bus,朝阳公园东门,116.4834945622652,39.93965111403551
BV10007153,bus,白纸坊桥南(北行),116.3443580838107,39.87378339242901
BV11502506,bus,白纸坊桥南(南行),116.34286502317266,39.87524191492674
BV10007161,bus,劲松,116.45021893090112,39.88482913211012
BV10007124,bus,窑洼湖桥东,116.48739567375831,39.87996721611277
BV10000634,bus,丰北桥东,116.28149021463685,39.864083004374514
BV10007683,bus,中关村南路东口,116.32366375508136,39.9796702192748
BV10000389,bus,中关村南路,116.31449476203092,39.97963780730737
BV10006398,bus,花家地西里二区,116.45649428812077,39.98476865363197
BV11376797,bus,五路居南街南口,116.27930674497402,39.93270967868365
BV10924490,bus,五福路,116.27947375302658,39.9388112232946
BV10564891,bus,内环西路北口,116.27848324609216,39.83330666355901
BV10007708,bus,靛厂新村,116.27519858993986,39.88826351554365
BV10007707,bus,靛厂村,116.28243480853033,39.88826852698738
BV10000710,bus,莲宝路口东,116.29002946500664,39.88827355364375
BV10000711,bus,马官营西,116.296093273861,39.88842481594071
BV10007720,bus,吴家场路,116.29937039490356,39.89181109420474
BV10007721,bus,吴家场路东口,116.30187319954452,39.89255368652717
BV10005897,bus,四顷三村,116.36483760783037,39.84006963991393
BV10005898,bus,地铁角门西站,116.36494205318276,39.84324631693372
BV10424844,bus,大观园公交场站,116.34662014927794,39.86819982296897
BV10007593,bus,万丰路南口,116.28838895856414,39.86694511213201
BV10007594,bus,于庄子,116.28867098798044,39.87087348246804
BV10007595,bus,小井路口南,116.28871535530384,39.87533518728345
BV10008112,bus,紫竹院北门,116.31241985511186,39.94459213795418
BV10333631,bus,望园路,116.27873808402931,39.87204410968093
BV10000633,bus,望园路南口,116.2807189228112,39.86731984122145
BV10005890,bus,角门路口,116.37343684446748,39.84646698411682
BV10000731,bus,马家堡路,116.37262810363217,39.835725411118176
BV11475303,bus,南华小区,116.37264581301186,39.83785625884371
BV10012003,bus,长虹桥北,116.45584562404024,39.93426608463775
BV10007091,bus,菜户营桥,116.33951520142504,39.86722728473408
BV10012051,bus,南长街,116.38554624839864,39.90861538590301
BV10008162,bus,西华门,116.3852219063766,39.91258536677935
BV11493557,bus,北海南站,116.38485728993052,39.91891627503228
BV10008161,bus,西板桥,116.38742635655136,39.9246579211584
BV10008160,bus,景山后街,116.38890952263442,39.92699430609197
BV10561206,bus,安华桥西(东行),116.3845243510346,39.96682552045368
BV10561205,bus,安华桥西(西行),116.38319208511456,39.96718220949868
BV10008157,bus,裕民中路南口,116.38197966317482,39.96882284630506
BV10008156,bus,裕民中路,116.38190733055916,39.97180977076069
BV10424760,bus,北土城公交场站,116.39123567941078,39.97581973432795
BV10000541,bus,八里河,116.43094695089002,39.86460263868384
BV10006784,bus,洋桥东,116.381602377637,39.85549912052621
BV10000849,bus,弘燕路,116.46565521859716,39.866609055582806
BV10000848,bus,弘燕路西,116.46258083521036,39.86664098052097
BV10000846,bus,华威南路东口,116.452002003729,39.870150901294544
BV10000845,bus,华威南路,116.44675599847866,39.87014330958985
BV10000844,bus,潘家园东路,116.44470193406276,39.87413581863527
BV10007830,bus,芳城路东口,116.43234046412128,39.86716166540772
BV10007831,bus,方庄环岛北,116.42427362728476,39.86577234262478
BV10007793,bus,角门北路东口,116.37983764510771,39.84797270955523
BV10326870,bus,石碑胡同,116.383018006884,39.90599379120047
BV10007978,bus,马官营,116.30083083427525,39.8886217041274
BV11494445,bus,虎坊路南口,116.37757122767115,39.88194354585477
BV10005988,bus,四平园,116.37357818108283,39.88191994129467
BV10416654,bus,南横街路口东,116.3693940910957,39.88194711419146
BV10005993,bus,枣林前街西站,116.34893477525064,39.88198827770467
BV10000676,bus,大红门西里,116.39499485465052,39.83832455127692
BV10000675,bus,南苑路果园,116.39441877449292,39.84685907013383
BV11118430,bus,地铁海户屯站,116.39424734733552,39.85025688481842
BV09139944,bus,厂桥路口北,116.37390544571308,39.93200644373688
BV10008007,bus,刘海胡同,116.37337853281232,39.935779777018666
BV10008006,bus,蒋养房,116.3731094955249,39.9383849242786
BV10008008,bus,德胜门内,116.37363505823008,39.9451511657166
BV10000708,bus,白塔村,116.2890202056238,39.88035747614942
BV10007976,bus,水衙沟路东口,116.28781660166833,39.885565028993554
BV10343885,bus,靛厂村南站,116.28369525475932,39.88542094449651
BV10008064,bus,岳各庄东路北口,116.2784517254867,39.886040770318246
BV10008063,bus,牛街路口东,116.3583926683636,39.88786353510348
BV10008155,bus,天桥路口西,116.38989258896144,39.88498685513824
BV10007799,bus,北甲地,116.35668010407838,39.84456630247863
BV11494468,bus,西马场南里,116.3806027834374,39.83440403247895
BV11430347,bus,五路居南街,116.27889202717628,39.93498410615871
BV10001791,bus,北京师范大学,116.3646368670319,39.95817634086757
BV10007734,bus,地铁新街口站,116.36253735810028,39.93983170942776
BV10007828,bus,新街口西里,116.3630264208826,39.94130802327517
BV10000716,bus,北辰西桥南,116.38132936352795,39.98252569456714
BV10008062,bus,杏坛路南口,116.3551505034289,39.957122328767504
BV10000712,bus,杏坛路,116.3549983887384,39.960168435712575
BV10000713,bus,杏坛路北口,116.35480924040635,39.96400856714856
BV10000748,bus,方庄东路,116.43888970398858,39.86241012100666
BV10000746,bus,横一条北口,116.42630840611248,39.85537252744193
BV10000745,bus,横一条,116.42745517644904,39.84966840676089
BV10000744,bus,南窑,116.4256131049875,39.84821402624644
BV10000740,bus,双庙西,116.4197330285037,39.839644650283184
BV11490156,bus,南顶路口,116.41493078141296,39.84108105576826
BV11490158,bus,南顶路,116.41056540903952,39.840949860199785
BV10000738,bus,南顶路西口,116.40457915374726,39.84087486291785
BV10000359,bus,南顶村,116.40161789133629,39.84010602014182
BV10000360,bus,大红门北站,116.40052792086584,39.836912991264974
BV10000735,bus,大李窑,116.387351490777,39.83749130626423
BV10005891,bus,地铁角门东站,116.379458473992,39.8438252220533
BV10000730,bus,枫竹苑小区,116.37005230935851,39.834425078581575
BV10000747,bus,紫芳路,116.4368005442533,39.86447325397061
BV10006189,bus,吕营嘉园,116.4627332211363,39.84363567427568
BV10006188,bus,四道口桥南,116.45874344714908,39.84935518845311
BV10006187,bus,四道口桥北,116.45832836397872,39.85537381169715
BV10006186,bus,十里河村,116.45607765622132,39.86018503423384
BV10006183,bus,周庄嘉园,116.46582842938288,39.861663781229886
BV11494427,bus,周庄嘉园北站,116.46597450386028,39.86507198779282
BV10427589,bus,十里河桥北(北行),116.45442780394733,39.86622476225207
BV10491394,bus,十里河桥北(南行),116.45438052974126,39.86725759593793
BV10613209,bus,小关,116.40392364651568,39.97556046720883
BV10000789,bus,小关东里,116.40809725394584,39.975601268198254
BV10427421,bus,地铁惠新西街南口站,116.412620197556,39.97563310418111
BV10000787,bus,对外经贸大学南,116.41959554148109,39.97570127012615
BV10000779,bus,柳芳南里,116.43354016459708,39.952574846833706
BV11352026,bus,春秀路小区,116.43840087869164,39.9387987747624
BV10427422,bus,春秀路南口,116.4376277571145,39.9332725996911
BV11274602,bus,工人体育场西门,116.43743897781,39.92805347258671
BV10000774,bus,工人体育场南门,116.44051968609318,39.92561324454088
BV10510302,bus,芳园南里西区,116.47495617930284,39.96992222673244
BV10510300,bus,芳园南里,116.48048856507135,39.969808137135416
BV11691951,bus,红寺村西,116.42763629511045,39.83553051968324
BV10007869,bus,小井润园,116.28240969063285,39.873472287142185
BV09161503,bus,小井润园南,116.28302210668814,39.87078059667537
BV10007868,bus,望园东里,116.28372941226051,39.86769578793593
BV10007889,bus,厂洼街东口,116.30080788317902,39.95237205204772
BV10007888,bus,厂洼,116.29782379687154,39.95305417458496
BV10007887,bus,厂洼北站,116.29723338986535,39.95758199570625
BV10003019,bus,万柳中路南口,116.29257675517428,39.961326500000574
BV11494716,bus,汇新家园,116.29124161856012,39.965759434823006
BV10003017,bus,万柳中路,116.2904176295241,39.96938957305057
BV10007886,bus,万柳中路北口,116.29035244091487,39.97181157699765
BV10427112,bus,松榆北路,116.4633814836813,39.87485763870013
BV10006304,bus,松榆北路东口,116.4689756923382,39.87481558843268
BV10007898,bus,太阳星城,116.4483019236983,39.96827943000717
BV10417352,bus,阜通东大街东口,116.47435560070798,39.98907775355544
BV10000985,bus,曙光里小区,116.44870234848804,39.96597139473844
BV10007899,bus,裘马都小区,116.45112053297672,39.9643658452217
BV10007946,bus,太阳宫桥北,116.42631061158338,39.9719313789337
BV10007310,bus,科学院小区,116.3188210410577,39.97852257937391
BV10000388,bus,科学院南路北口,116.31859396251228,39.98326182174498
BV10888188,bus,双榆树公园,116.31936916135508,39.96762196516859
BV11693906,bus,地铁六里桥站北,116.29669406889786,39.880768179804775
BV10008024,bus,莲怡园东路,116.29670459655324,39.884379986323445
BV10007977,bus,莲怡园北路,116.29152017434406,39.88542837051662
BV10007975,bus,岳各庄东路,116.27816955785408,39.882378293465806
BV10007974,bus,岳各庄北桥东,116.27277552326537,39.87915661184754
BV10006308,bus,苹果社区,116.4629483976686,39.89589950857796
BV11497090,bus,魏公村路,116.311670141252,39.95562711368459
BV10008019,bus,魏公村路西口,116.30591475485475,39.95566078790768
BV10002791,bus,万泉河路,116.29937060961682,39.96979885949251
BV10002792,bus,稻香园,116.29680748044665,39.97145316162777
BV10007597,bus,金家村桥北,116.2888374353799,39.89704296470878
BV10007596,bus,莲宝路口北,116.2888741842378,39.89054420852143
BV10000709,bus,莲宝路口南,116.2888766731728,39.886595391193765
BV10008027,bus,莲宝中路,116.29311040532048,39.88440589191194
BV11693905,bus,马官营南路,116.2951028020135,39.88337369936321
BV09109977,bus,马官营北,116.29665708674176,39.88919183676262
BV10007979,bus,马官营南,116.2966443840842,39.887012961227285
BV10008026,bus,莲宝中路南口,116.29310182961412,39.881138064559785
BV10000594,bus,南湖西里,116.45107234512194,39.98847976816957
BV11442514,bus,榴乡桥,116.41549926178594,39.83453894725896
BV11107618,bus,知春里路口北,116.31893806735646,39.97619144914389
BV10008188,bus,锡拉胡同,116.4004400253937,39.91443501248803
BV10008187,bus,沙滩路口北,116.4000477202038,39.923747556647335
BV09077750,bus,鼓楼北,116.38769384815724,39.94347906297921
BV10008184,bus,鼓楼桥南,116.38763160085104,39.94560400185669
BV10008183,bus,黄寺总政大院,116.3872315336138,39.95520877478106
BV11493638,bus,海淀五路居,116.2756576817394,39.93118213246108
BV10742022,bus,恩济里小区北,116.28164366847656,39.93080073859571
BV10420877,bus,地铁慈寿寺站,116.28680560599616,39.93100453613816
BV10008212,bus,四道口南,116.31956655601616,39.92922911773836
BV10008211,bus,首体南路南口,116.3195681306434,39.92464530251998
BV10002630,bus,陶然桥东,116.38541711663416,39.87092221848155
BV10000248,bus,会城门,116.32274244859416,39.90391707857844
BV10000247,bus,北蜂窝路,116.32277986658458,39.89992018447331
BV10000246,bus,北蜂窝路南口,116.3228579731243,39.8976501365833
BV10561631,bus,万芳园二区,116.3083665570955,39.84326653682994
BV10008399,bus,灵境胡同,116.37041883110952,39.91324261529262
BV10008398,bus,西黄城根南街,116.37137339290636,39.91553154608183
BV10008397,bus,西黄城根,116.3711260922765,39.92018959968605
BV10425123,bus,首经贸西校区,116.30677246069634,39.83972869257588
BV10008167,bus,新华街,116.28549779227842,39.84237074529846
BV10408246,bus,新华街西口,116.28120352634772,39.84081872503886
BV10420622,bus,皂君庙西站,116.32739114830956,39.95621200618836
BV10008221,bus,中国农业科学院南门,116.3224864749596,39.95589143538005
BV11211280,bus,四惠桥西,116.47774521981792,39.90716471784498
BV11651420,bus,民族园路,116.38494829429204,39.98111473762577
BV11651419,bus,中华民族园,116.38723835938596,39.980009783439165
BV10011138,bus,白石桥北,116.31939265630146,39.93952103658073
BV10008198,bus,白堆子口西,116.31714797050796,39.92225504490488
BV10927887,bus,万柳东路南口,116.29663007332924,39.961518855273496
BV10927880,bus,万柳东路,116.29603471434336,39.96559668872503
BV10927882,bus,万泉庄路,116.29399039758286,39.96721598925873
BV10012141,bus,朝外北街,116.43580154348514,39.925589705901416
BV11494458,bus,健德门北,116.37498148555876,39.97771266369756
BV10000373,bus,大红门桥北,116.39527950559626,39.83323686112675
BV10597709,bus,鸿业兴园,116.30100405155312,39.8361102783464
BV11496565,bus,菜户营桥西,116.33503514849964,39.86655152244376
BV10008241,bus,慈寿寺桥(南行),116.2902277979576,39.93080640223372
BV11320274,bus,慈寿寺桥(北行),116.29115405538096,39.93160093095824
BV10613210,bus,西翠路口北,116.27738241998762,39.89979643539986
BV11237498,bus,沙沟路口南,116.27741378760317,39.90454318718391
BV10008219,bus,北沙沟,116.2773833093341,39.91671470115457
BV10008220,bus,定慧寺南,116.27816973228232,39.92108256513959
BV10006258,bus,光华路东口,116.46927404732158,39.91235968044946
BV11496110,bus,针织路口西,116.462846001532,39.91228352652327
BV11496112,bus,针织路口东,116.4644112761391,39.91221862207222
BV09359957,bus,地铁魏公村站,116.31711367768366,39.956909717824296
BV10007583,bus,东风北桥南,116.48319691262984,39.9519617555664
BV10008318,bus,学知桥东,116.35030125262902,39.9752361373275
BV10008341,bus,岳家楼桥东,116.28289417747212,39.89582055530199
BV10008342,bus,政法小区,116.4374986515,39.8526441446737
BV10007522,bus,万芳桥东,116.3681000763726,39.85589789336793
BV10008367,bus,广义街北口,116.35050223693216,39.89366818194651
BV11498090,bus,广义街南口,116.35039481732976,39.89072949087164
BV10006775,bus,海户屯,116.39641524894404,39.85146772037216
BV10008385,bus,海淀中街,116.30500709901332,39.97629861454239
BV10000472,bus,景园,116.46762949372383,39.93477828811
BV11210603,bus,首经贸南路东口,116.31407254656408,39.83796715372058
BV09361437,bus,北京口腔医院,116.31205329116088,39.8362590836135
BV11210604,bus,四合庄东,116.30955383356464,39.83625076972511
BV11209878,bus,怡海花园北门,116.2936424738554,39.83592972126071
BV11209877,bus,恒富花园北门,116.28851463405562,39.83575273950821
BV10562279,bus,芍药居公交场站,116.43351601583606,39.97696184344158
BV11431170,bus,西绒线胡同,116.37056099066228,39.90278292208024
BV10436437,bus,西绒线胡同东口,116.37665340472408,39.90286130386107
BV11494415,bus,刘家窑路,116.41003644302788,39.86069038322662
BV11376468,bus,南顶村北口,116.39986672743186,39.84476239301622
BV10000358,bus,海慧寺,116.398333960939,39.84796101425584
BV11486520,bus,永定门外,116.39366140833636,39.86572508397138
BV11558628,bus,马尾沟西,116.34141955383096,39.92681514102054
BV10008437,bus,增光路口东,116.32076310981878,39.92683691480007
BV10008436,bus,增光路,116.3127862695306,39.92683916082498
BV10008435,bus,增光路西口,116.3056489483953,39.926843425761
BV10335837,bus,花园桥南(北行),116.3043385274528,39.92852673079781
BV10335836,bus,花园桥南(南行),116.303811705555,39.92800669991126
BV10008433,bus,岭南路,116.30026120699084,39.92681003112547
BV10008432,bus,岭南路西口,116.29634797344926,39.92681971367569
BV10008431,bus,七贤村路口南,116.29533545175724,39.93055524456601
BV10335833,bus,航天桥北(南行),116.30381716074017,39.92429084256238
BV10335832,bus,航天桥北(北行),116.30434896833722,39.92484086299789
BV10001254,bus,太平桥东里,116.31486630173366,39.88137723199308
BV10001253,bus,华源三里,116.31486978714942,39.87745341964642
BV11392343,bus,菜户营西路,116.33475726824824,39.87051483047745
BV10008451,bus,广安门,116.34417144589248,39.88977293264046
BV10412962,bus,核桃园东街,116.34920210944227,39.890974411501645
BV10008457,bus,中新小区,116.31367513497572,39.93585611154376
BV10008456,bus,外文印刷厂西门,116.31367355249726,39.9325702471192
BV10008461,bus,金沟河东路,116.27530296046332,39.91637914791208
BV10444987,bus,万寿庄西,116.2784385535025,39.911626633119376
BV10008460,bus,万寿庄,116.28340243537696,39.91160816464005
BV10008459,bus,真武庙三里,116.33751619764834,39.90175824315523
BV10008458,bus,真武庙四里,116.34115429861173,39.90175567889973
BV10006643,bus,白桥大街,116.43304138481794,39.89516441627778
BV10484806,bus,龙潭路,116.4294610963463,39.879924637499
BV10006629,bus,龙潭湖,116.43268455032867,39.88004155797939
BV10008513,bus,小红庙,116.33023802674904,39.88194774889429
BV11494373,bus,广外甘石桥南,116.33014773649538,39.88587473023148
BV11111800,bus,手帕口北街,116.3365559090833,39.88917358064495
BV11693976,bus,铜厂,116.42944848086036,39.84509350708056
BV10337146,bus,北洼路(西行),116.2986613977662,39.942990143883605
BV10337149,bus,车道沟桥东(西行),116.29302099265112,39.94494343789148
BV10336391,bus,车道沟桥东(东行),116.29314578697972,39.94474624526714
BV10336389,bus,北洼路(东行),116.29835702957376,39.94278467310816
BV10012315,bus,北洼路南口,116.2950977607234,39.92372391624853
BV10402202,bus,航天桥西(东行),116.3002128399216,39.92254829080144
BV10402204,bus,航天桥西(西行),116.29969583953566,39.92292417307464
BV11494430,bus,二龙路西口,116.35988269931536,39.90746057810006
BV10007451,bus,恩济里小区,116.28100716865822,39.926183763792665
BV10005978,bus,红莲中里,116.32795706116956,39.88333902389662
BV10005979,bus,马连道中里,116.32484820879505,39.88325898463684
BV11494434,bus,马连道南街,116.32121457205292,39.8832139752738
BV11494482,bus,莲花池南路,116.31383466415242,39.889069823430845
BV11463764,bus,中国戏曲学院(临时站),116.3282858291028,39.87128699991575
BV11464168,bus,丽泽桥东(临时站),116.31504984528904,39.865791679240274
BV11352508,bus,中国戏曲学院(临时站),116.32764554739876,39.861356751416885
BV10008784,bus,七里庄路,116.2836847165032,39.85778038775285
BV11494318,bus,酒仙桥中路西口,116.48468761843382,39.9752282256524
BV11497102,bus,左家庄桥东,116.4431991357382,39.95207941434531
BV10012566,bus,和平门西,116.37360603855332,39.8985061389335
BV10010868,bus,方庄北口,116.42424048174446,39.86649026347666
BV10000542,bus,潘家园,116.43960576401152,39.87561775952662
BV10006301,bus,武圣北路,116.46167052627914,39.884913718047336
BV10006300,bus,百环家园小区,116.4611021437988,39.88897607124935
BV11496572,bus,八棵杨北街,116.4633454370189,39.89023680172945
BV11259703,bus,八棵杨中街,116.46503048537492,39.88741136194433
BV11648348,bus,新康路,116.36955637633731,39.95655176689718
BV10011186,bus,吕家营,116.46041531143962,39.84573060411446
BV10011185,bus,吕家营南站,116.46565081275412,39.83771970576707
BV10613211,bus,尚家楼路,116.45250239937654,39.96617093646832
BV10613213,bus,太阳宫北街东口,116.45507121677366,39.966072974715225
BV10012499,bus,靛厂锦园,116.27467856296782,39.88544223531858
BV10002639,bus,右安门桥,116.36029601242085,39.86823888190716
BV10427146,bus,东风南路西口,116.4856008674962,39.952683809527
BV10006909,bus,甜水园西里,116.4747518122613,39.92690734660501
BV10012055,bus,道家园,116.47858594369109,39.92623234442621
BV11678962,bus,北京丰台站,116.29790887521392,39.84729393615493
BV10897717,bus,地铁大红门站,116.39576514753476,39.84405716583839
BV10897723,bus,南顶村北站,116.39917262376623,39.84416833097325
BV10507915,bus,方庄东路南口,116.43886797570744,39.85984522073738
BV10008380,bus,樊羊路北口,116.30705036766052,39.84366293986365
BV10012135,bus,万明路,116.38569773941184,39.88848822335769
BV11615677,bus,樊家村北站,116.31045034797188,39.84827435599666
BV11615678,bus,三环新城东,116.30945726898872,39.85042908339258
BV11615674,bus,三环新城,116.305693453525,39.85031502403489
BV11615680,bus,三环新城西,116.30261007824612,39.84938262841152
BV10006080,bus,三环英和医院,116.30354135492962,39.8476020714069
BV11693980,bus,丰桥路东口,116.31571127537428,39.85043527579007
BV11649137,bus,华严里(南行),116.38152076542394,39.978324745828914
BV10007419,bus,安贞医院,116.39580983154904,39.97202933115337
BV10007420,bus,安贞西里北门,116.38888353438593,39.97392444590072
BV11649140,bus,地铁北土城站(西行),116.38574760192829,39.97553159037994
BV10876111,bus,西罗园路西口,116.3813760399228,39.85940604322454
BV10876115,bus,西罗园路,116.38529664906429,39.85936489226128
BV10876110,bus,西罗园路南口,116.38801276300516,39.85692490467481
BV11652214,bus,肿瘤医院南门,116.43965050984028,39.87057209954657
BV11397605,bus,茶源路北口,116.3182354204478,39.883080707038026
BV10005977,bus,红居北街,116.3314690483101,39.88338034897244
BV10005976,bus,红居街,116.33369378023498,39.885321074127134
BV10897220,bus,南顶小区,116.40226861991192,39.84425992768222
BV10897219,bus,地铁石榴庄站,116.40588146701394,39.84435216652425
BV10424758,bus,惠力路南口,116.44974345071184,39.89362666085621
BV10424743,bus,天力街西口,116.4457710396758,39.89607798404595
BV11471341,bus,广和里中街,116.44409767885364,39.895178578701
BV11472778,bus,天力街,116.451334786795,39.89595813204811
BV11472776,bus,天力街东口,116.45328860876376,39.89594563396201
BV10424759,bus,百子湾路口西,116.46908401540767,39.89928072810922
BV10424750,bus,苹果社区北区,116.46488553394124,39.89906044480475
BV10424754,bus,黄木厂路北口,116.46107587997858,39.898366574934094
BV10424751,bus,九龙山路南口,116.46652692519056,39.892876094571136
BV10424747,bus,双花园西里,116.4437235975974,39.8959547866637
BV10424753,bus,光辉桥西,116.4689268866578,39.90390109499481
BV10424749,bus,现代城西路,116.46809889942683,39.90464580869253
